"Sample","Original duration (ms)","Original size (KB)","Original sample rate (fps)","Bitrate (Kbit/s)","ACC compression time (ms)","ACC Comp Time / Orig dur","ACC size (KB)","ACC rate","ACC sample rate","ACC Bit Rate","Opus compression time (ms)","Opus Comp Time / Orig dur","Opus size (KB)","Opus rate","Opus sample rate","Opus Bit Rate"
"01_sopranoA","2597.778","224.349609375","44100","4","150","0.05774165459866086","2.59375","86.49623493975903","44100","4264","142","0.05466209968673228","2.240234375","100.14559721011334","48000","7046"
"01_sopranoA","2597.778","224.349609375","44100","6","130","0.050042767318839415","3.3193359375","67.58870255957635","44100","6531","163","0.0627459313305448","2.4755859375","90.62485207100592","48000","7787"
"01_sopranoA","2597.778","224.349609375","44100","8","123","0.04734815677090191","3.873046875","57.92586989409985","44100","8262","165","0.06351582005852695","2.9453125","76.17175066312997","48000","9264"
"01_sopranoA","2597.778","224.349609375","44100","16","133","0.05119760041081263","6.5146484375","34.43771548493479","44100","16518","164","0.06313087569453588","6.3271484375","35.458249729896586","48000","19902"
"01_sopranoA","2597.778","224.349609375","44100","24","156","0.0600513207826073","9.0859375","24.69196044711952","44100","24555","232","0.0893070924459288","12.201171875","18.387546022090604","48000","38379"
"01_sopranoA","2597.778","224.349609375","44100","32","135","0.05196748913879477","11.640625","19.272986577181207","44100","32540","168","0.06467065315050016","15.1162109375","14.841656437754377","48000","47549"
"01_sopranoA","2597.778","224.349609375","44100","40","145","0.055816932778705496","14.2314453125","15.764358745625472","44100","40637","149","0.05735671023466979","17.8408203125","12.575072527231923","48000","56119"
"01_sopranoA","2597.778","224.349609375","44100","48","143","0.05504704405072335","16.82421875","13.334919897840724","44100","48741","155","0.059666376418616225","20.505859375","10.940756262501191","48000","64502"
"01_sopranoA","2597.778","224.349609375","44100","64","141","0.05427715532274121","21.9521484375","10.219938609368745","44100","64769","136","0.052352433502785845","27.0244140625","8.30173815632566","48000","85007"
"01_sopranoA","2597.778","224.349609375","44100","80","158","0.06082120951058944","27.0625","8.290054849884527","44100","80741","137","0.052737377866776916","31.7216796875","7.072437890588923","48000","99782"
"01_sopranoA","2597.778","224.349609375","44100","96","151","0.05812659896265193","32.1943359375","6.968604968604969","44100","96781","154","0.05928143205462515","36.08984375","6.216419525922719","48000","113523"
"01_sopranoA","2597.778","224.349609375","44100","112","156","0.0600513207826073","37.23828125","6.024703660967167","44100","112546","144","0.055431988414714424","41.0791015625","5.461404968501129","48000","129217"
"01_sopranoA","2597.778","224.349609375","44100","128","143","0.05504704405072335","42.2568359375","5.309190913082665","44100","128232","136","0.052352433502785845","46.0498046875","4.871890573640123","48000","144853"
"01_sopranoA","2597.778","224.349609375","44100","160","152","0.058511543326643004","52.4423828125","4.278020893465671","44100","160067","130","0.050042767318839415","55.8662109375","4.0158372227175","48000","175731"
"01_sopranoA","2597.778","224.349609375","44100","192","148","0.05697176587067872","62.6484375","3.5810886644219977","44100","191966","159","0.06120615387458051","65.703125","3.4145957193816883","48000","206674"
"01_sopranoA","2597.778","224.349609375","44100","224","153","0.058896487690634075","72.041015625","3.114192761285075","44100","221323","140","0.05389221095875014","75.478515625","2.9723638245568638","48000","237423"
"01_sopranoA","2597.778","224.349609375","44100","256","149","0.05735671023466979","73.802734375","3.039854976579247","44100","226829","146","0.05620187714269657","85.1416015625","2.635017491540976","48000","267819"
"01_sopranoA","2597.778","224.349609375","44100","320","135","0.05196748913879477","74.158203125","3.025283784139693","44100","227940",,,,,,
"02_sopranoB","2299.342","198.64453125","44100","4","122","0.053058657650753994","2.5078125","79.21028037383178","44100","4674","144","0.06262661230908668","1.9736328125","100.64918357248887","48000","7011"
"02_sopranoB","2299.342","198.64453125","44100","6","129","0.05610300686022349","2.9775390625","66.7143325680551","44100","6330","169","0.07349928805719201","2.33203125","85.18090452261306","48000","8284"
"02_sopranoB","2299.342","198.64453125","44100","8","123","0.05349356468067821","3.5556640625","55.86706948640484","44100","8370","147","0.06393133339885933","2.6103515625","76.09876543209876","48000","9273"
"02_sopranoB","2299.342","198.64453125","44100","16","130","0.0565379138901477","5.859375","33.902","44100","16495","282","0.12264378243862809","5.705078125","34.818897637795274","48000","20268"
"02_sopranoB","2299.342","198.64453125","44100","24","127","0.05523319280037506","8.119140625","24.466201587683425","44100","24466","135","0.058712449039768765","10.9248046875","18.182890855457227","48000","38812"
"02_sopranoB","2299.342","198.64453125","44100","32","153","0.0665407755784046","10.4326171875","19.040718899185624","44100","32626","153","0.0665407755784046","13.63671875","14.566886279003151","48000","48447"
"02_sopranoB","2299.342","198.64453125","44100","40","144","0.06262661230908668","12.6474609375","15.706277507528377","44100","40438","150","0.06523605448863196","16.197265625","12.264078138188834","48000","57543"
"02_sopranoB","2299.342","198.64453125","44100","48","130","0.0565379138901477","14.955078125","13.282747812459188","44100","48577","154","0.06697568260832881","18.5322265625","10.718870211308426","48000","65839"
"02_sopranoB","2299.342","198.64453125","44100","64","159","0.06915021775794988","19.578125","10.146249002394255","44100","64883","139","0.06045207715946562","24.91796875","7.971939175419345","48000","88525"
"02_sopranoB","2299.342","198.64453125","44100","80","147","0.06393133339885933","23.9951171875","8.278539741972244","44100","80462","138","0.06001717012954141","28.869140625","6.880860564237873","48000","102563"
"02_sopranoB","2299.342","198.64453125","44100","96","157","0.06828040369810146","28.533203125","6.961872818125813","44100","96469","139","0.06045207715946562","32.4951171875","6.113057851239669","48000","115445"
"02_sopranoB","2299.342","198.64453125","44100","112","154","0.06697568260832881","33.0205078125","6.015792742436341","44100","112296","149","0.06480114745870776","36.91015625","5.381839348079162","48000","131130"
"02_sopranoB","2299.342","198.64453125","44100","128","148","0.06436624042878354","37.4658203125","5.302020070376646","44100","127975","132","0.05740772794999613","41.31640625","4.807885033563393","48000","146784"
"02_sopranoB","2299.342","198.64453125","44100","160","143","0.06219170527916247","46.2724609375","4.29293206424245","44100","159038","149","0.06480114745870776","49.9638671875","3.975763735511991","48000","177506"
"02_sopranoB","2299.342","198.64453125","44100","192","152","0.06610586854848038","55.216796875","3.597538113260939","44100","190586","144","0.06262661230908668","58.5458984375","3.3929709262564427","48000","207995"
"02_sopranoB","2299.342","198.64453125","44100","224","148","0.06436624042878354","63.0771484375","3.149231317056556","44100","218310","152","0.06610586854848038","67.103515625","2.960270105073202","48000","238398"
"02_sopranoB","2299.342","198.64453125","44100","256","150","0.06523605448863196","65.216796875","3.045910574705759","44100","225857","153","0.0665407755784046","75.625","2.6267045454545452","48000","268672"
"02_sopranoB","2299.342","198.64453125","44100","320","140","0.06088698418938983","65.3876953125","3.0379497289305077","44100","226460",,,,,,
"03_mezzosoprano","4255.102","366.880859375","44100","4","129","0.030316547053396137","3.904296875","93.96848424212106","44100","4583","186","0.043712230635129315","3.431640625","106.91121229368241","48000","6596"
"03_mezzosoprano","4255.102","366.880859375","44100","6","136","0.03196163100203003","4.90234375","74.83784860557769","44100","6494","170","0.03995203875253754","3.9775390625","92.23815369506507","48000","7645"
"03_mezzosoprano","4255.102","366.880859375","44100","8","136","0.03196163100203003","5.849609375","62.71886477462437","44100","8307","165","0.03877697878922762","4.6357421875","79.14177375184327","48000","8911"
"03_mezzosoprano","4255.102","366.880859375","44100","16","143","0.03360671495066393","10.1025390625","36.31570807153214","44100","16451","162","0.03807194281124166","8.7744140625","41.81257651641625","48000","16866"
"03_mezzosoprano","4255.102","366.880859375","44100","24","151","0.03548681089195982","14.322265625","25.616118914496113","44100","24531","179","0.042067146686495416","18.1455078125","20.21882568214843","48000","34880"
"03_mezzosoprano","4255.102","366.880859375","44100","32","151","0.03548681089195982","18.484375","19.848161453930686","44100","32500","163","0.03830695480390364","22.2861328125","16.462293501599405","48000","42840"
"03_mezzosoprano","4255.102","366.880859375","44100","40","160","0.037601918825917686","22.689453125","16.169665145906862","44100","40552","148","0.03478177491397386","26.3740234375","13.910689821157478","48000","50698"
"03_mezzosoprano","4255.102","366.880859375","44100","48","168","0.03948201476721357","26.8642578125","13.656839579773893","44100","48546","176","0.04136211070850946","30.376953125","12.077605606635375","48000","58393"
"03_mezzosoprano","4255.102","366.880859375","44100","64","175","0.04112709871584747","35.306640625","10.391270675443934","44100","64711","151","0.03548681089195982","40.9892578125","8.95065875681986","48000","78792"
"03_mezzosoprano","4255.102","366.880859375","44100","80","178","0.04183213469383343","43.685546875","8.398220592837662","44100","80755","158","0.03713189484059372","48.5048828125","7.5637923050594935","48000","93240"
"03_mezzosoprano","4255.102","366.880859375","44100","96","156","0.03666187085526974","51.830078125","7.078531861174963","44100","96349","159","0.0373669068332557","55.755859375","6.580131012015273","48000","107178"
"03_mezzosoprano","4255.102","366.880859375","44100","112","178","0.04183213469383343","60.150390625","6.099392797999805","44100","112281","161","0.037836930818579674","63.8515625","5.74583996084669","48000","122740"
"03_mezzosoprano","4255.102","366.880859375","44100","128","174","0.040892086723185485","68.404296875","5.363418325100648","44100","128085","185","0.04347721864246733","71.8427734375","5.106719045224081","48000","138101"
"03_mezzosoprano","4255.102","366.880859375","44100","160","146","0.03431175092864989","84.931640625","4.319719443486259","44100","159731","152","0.03572182288462181","87.802734375","4.178467356245134","48000","168781"
"03_mezzosoprano","4255.102","366.880859375","44100","192","163","0.03830695480390364","101.35546875","3.6197440937295258","44100","191179","148","0.03478177491397386","103.69140625","3.5381992842343193","48000","199324"
"03_mezzosoprano","4255.102","366.880859375","44100","224","180","0.042302158679157396","116.1455078125","3.1588036961987003","44100","219499","332","0.0780239815637792","119.669921875","3.0657733674984904","48000","230039"
"03_mezzosoprano","4255.102","366.880859375","44100","256","328","0.07708393359313126","119.5185546875","3.0696560909246897","44100","225957","307","0.07214868174722956","135.513671875","2.707334649698053","48000","260495"
"03_mezzosoprano","4255.102","366.880859375","44100","320","311","0.07308872971787751","119.7705078125","3.0631986628072894","44100","226440",,,,,,
"04_baritone","1838.98","158.7734375","44100","4","123","0.06688490358785848","2.1767578125","72.94033198743831","44100","4717","150","0.08156695559494938","1.5703125","101.1094527363184","48000","6970"
"04_baritone","1838.98","158.7734375","44100","6","141","0.07667293825925241","2.560546875","62.00762776506484","44100","6405","165","0.0897236511544443","1.8583984375","85.43562795585918","48000","8249"
"04_baritone","1838.98","158.7734375","44100","8","139","0.07558537885131976","2.9638671875","53.56968698517298","44100","8179","160","0.08700475263461266","2.1083984375","75.30523390458545","48000","9358"
"04_baritone","1838.98","158.7734375","44100","16","167","0.09081121056237697","4.9033203125","32.38080063732324","44100","16711","299","0.1625901314859324","4.748046875","33.43973673385438","48000","21076"
"04_baritone","1838.98","158.7734375","44100","24","152","0.08265451500288203","6.7783203125","23.423714162224464","44100","24959","137","0.0744978194433871","8.8388671875","17.96309800022097","48000","39234"
"04_baritone","1838.98","158.7734375","44100","32","130","0.07069136151562279","8.580078125","18.50489414978375","44100","32885","163","0.08863609174651166","11.00390625","14.42882499112531","48000","48845"
"04_baritone","1838.98","158.7734375","44100","40","158","0.08591719322668001","10.4951171875","15.128314878570764","44100","41310","146","0.07939183677908405","13.1845703125","12.042367232056884","48000","58525"
"04_baritone","1838.98","158.7734375","44100","48","155","0.08428585411478103","12.236328125","12.975578611332802","44100","48970","177","0.09624900760204026","15.29296875","10.382120051085568","48000","67884"
"04_baritone","1838.98","158.7734375","44100","64","284","0.1544334359264375","15.91796875","9.974478527607362","44100","65165","157","0.08537341352271367","20.97265625","7.570497299310858","48000","93095"
"04_baritone","1838.98","158.7734375","44100","80","235","0.12778823043208734","19.5322265625","8.128793560321984","44100","81065","134","0.07286648033148811","23.8134765625","6.667377486159524","48000","105705"
"04_baritone","1838.98","158.7734375","44100","96","150","0.08156695559494938","23.1884765625","6.847083596546641","44100","97149","128","0.06960380210769013","26.201171875","6.059783824077525","48000","116304"
"04_baritone","1838.98","158.7734375","44100","112","137","0.0744978194433871","26.6982421875","5.946962215150518","44100","112589","133","0.07232270062752177","29.775390625","5.332371269268613","48000","132170"
"04_baritone","1838.98","158.7734375","44100","128","136","0.07395403973942076","30.3720703125","5.2276132600237935","44100","128750","146","0.07939183677908405","33.3486328125","4.761017892178395","48000","148031"
"04_baritone","1838.98","158.7734375","44100","160","141","0.07667293825925241","37.44140625","4.240584246218049","44100","159849","128","0.06960380210769013","40.345703125","3.935324587306966","48000","179090"
"04_baritone","1838.98","158.7734375","44100","192","139","0.07558537885131976","44.6650390625","3.5547587292564007","44100","191627","155","0.08428585411478103","47.36328125","3.352247422680412","48000","210241"
"04_baritone","1838.98","158.7734375","44100","224","227","0.12343799280035672","50.3583984375","3.1528690829406405","44100","216672","167","0.09081121056237697","54.2861328125","2.92475129971757","48000","240971"
"04_baritone","1838.98","158.7734375","44100","256","145","0.07884805707511773","52.7001953125","3.0127675345131104","44100","226974","152","0.08265451500288203","61.0087890625","2.6024682662910377","48000","270812"
"04_baritone","1838.98","158.7734375","44100","320","322","0.175097064677158","52.958984375","2.9980453623455654","44100","228113",,,,,,
"05_countertenorA","2470.272","213.154296875","44100","4","224","0.09067827348567284","2.8505859375","74.77560808496061","44100","5390","307","0.12427781232188197","2.0654296875","103.20094562647755","48000","6831"
"05_countertenorA","2470.272","213.154296875","44100","6","260","0.10525156743872739","3.12109375","68.29474342928661","44100","6278","299","0.1210393025545365","2.5869140625","82.39713099282748","48000","8556"
"05_countertenorA","2470.272","213.154296875","44100","8","237","0.0959408518576092","3.7734375","56.48809523809524","44100","8421","348","0.14087517487952744","2.833984375","75.21364576154376","48000","9373"
"05_countertenorA","2470.272","213.154296875","44100","16","263","0.10646600860148195","6.23046875","34.211598746081506","44100","16494","309","0.12508743976371833","6.4287109375","33.1566155248367","48000","21262"
"05_countertenorA","2470.272","213.154296875","44100","24","252","0.10201305767138194","8.6875","24.5357464028777","44100","24566","312","0.12630188092647288","10.7666015625","19.797732426303856","48000","35610"
"05_countertenorA","2470.272","213.154296875","44100","32","282","0.11415746929892741","11.1796875","19.06621243885395","44100","32754","314","0.12711150836830923","13.8525390625","15.387381036305957","48000","45817"
"05_countertenorA","2470.272","213.154296875","44100","40","283","0.11456228301984558","13.5986328125","15.674685816876123","44100","40701","205","0.08298681278822737","17.0166015625","12.52625538020086","48000","56282"
"05_countertenorA","2470.272","213.154296875","44100","48","140","0.05667392092854552","16.1328125","13.212469733656174","44100","49026","156","0.06315094046323644","19.7763671875","10.778233173670436","48000","65410"
"05_countertenorA","2470.272","213.154296875","44100","64","140","0.05667392092854552","20.98046875","10.1596536957736","44100","64953","138","0.055864293486709155","27.1533203125","7.850026973565906","48000","89809"
"05_countertenorA","2470.272","213.154296875","44100","80","153","0.061936499300481895","25.9140625","8.225429605064818","44100","81161","138","0.055864293486709155","31.4580078125","6.775835842672213","48000","104047"
"05_countertenorA","2470.272","213.154296875","44100","96","288","0.11658635162443651","30.8134765625","6.917567267771686","44100","97257","305","0.1234681848800456","35.2314453125","6.050115031737672","48000","116528"
"05_countertenorA","2470.272","213.154296875","44100","112","278","0.11253821441525468","35.55078125","5.995769695637842","44100","112821","307","0.12427781232188197","39.9345703125","5.337588340302741","48000","132083"
"05_countertenorA","2470.272","213.154296875","44100","128","307","0.12427781232188197","40.3349609375","5.284604023920781","44100","128539","265","0.10727563604331831","44.626953125","4.776357827476039","48000","147603"
"05_countertenorA","2470.272","213.154296875","44100","160","302","0.12225374371729106","50","4.2630859375","44100","160292","284","0.11496709674076377","54.013671875","3.9463026577472426","48000","178650"
"05_countertenorA","2470.272","213.154296875","44100","192","314","0.12711150836830923","59.8173828125","3.5634173020096975","44100","192546","134","0.05424503860303643","63.4228515625","3.360843790899992","48000","209771"
"05_countertenorA","2470.272","213.154296875","44100","224","171","0.06922314627700918","67.8046875","3.1436513423205437","44100","218787","167","0.06760389139333645","72.71875","2.931215083798883","48000","240517"
"05_countertenorA","2470.272","213.154296875","44100","256","163","0.06598463650966371","70.2705078125","3.0333393554483927","44100","226888","166","0.06719907767241826","81.8330078125","2.60474718665346","48000","270663"
"05_countertenorA","2470.272","213.154296875","44100","320","314","0.12711150836830923","70.232421875","3.034984287660947","44100","226763",,,,,,
"06_countertenorB","2414.649","208.36328125","44100","4","225","0.09318124497597788","2.7021484375","77.11022768341164","44100","5053","311","0.12879718750012942","2.4375","85.4823717948718","48000","8247"
"06_countertenorB","2414.649","208.36328125","44100","6","257","0.10643368870589473","3.0595703125","68.10213852537504","44100","6254","174","0.0720601627814229","3.0673828125","67.92868513212353","48000","10378"
"06_countertenorB","2414.649","208.36328125","44100","8","141","0.058393580184946135","3.67578125","56.685441020191284","44100","8325","321","0.13293857616572843","3.064453125","67.99362651370299","48000","10368"
"06_countertenorB","2414.649","208.36328125","44100","16","294","0.12175682676861109","6.123046875","34.029346092503985","44100","16548","300","0.1242416599679705","6.724609375","30.985187336625035","48000","22752"
"06_countertenorB","2414.649","208.36328125","44100","24","273","0.11305991057085316","8.4853515625","24.555645068477386","44100","24486","294","0.12175682676861109","11.9921875","17.374918566775243","48000","40575"
"06_countertenorB","2414.649","208.36328125","44100","32","296","0.1225851045017309","10.884765625","19.142652072492375","44100","32549","313","0.12962546523324922","15.146484375","13.756544165054803","48000","51248"
"06_countertenorB","2414.649","208.36328125","44100","40","264","0.10933266077181404","13.24609375","15.730168092008258","44100","40484","350","0.1449486032959656","17.96484375","11.598390954555338","48000","60783"
"06_countertenorB","2414.649","208.36328125","44100","48","299","0.1238275211014106","15.6728515625","13.294535485076953","44100","48639","277","0.11471646603709276","22.5439453125","9.242538444877626","48000","76277"
"06_countertenorB","2414.649","208.36328125","44100","64","281","0.11637302150333237","20.44921875","10.189302769818529","44100","64689","286","0.11844371583613188","28.443359375","7.325551054041063","48000","96237"
"06_countertenorB","2414.649","208.36328125","44100","80","303","0.1254840765676502","25.1875","8.272487593052109","44100","80611","302","0.12506993770109032","32.8779296875","6.33748180711082","48000","111242"
"06_countertenorB","2414.649","208.36328125","44100","96","278","0.11513060490365266","30.0126953125","6.942504799401295","44100","96825","252","0.10436299437309522","37","5.631440033783784","48000","125189"
"06_countertenorB","2414.649","208.36328125","44100","112","154","0.06377738545022486","34.671875","6.009576385759351","44100","112481","164","0.06791877411582388","41.626953125","5.005489607281941","48000","140844"
"06_countertenorB","2414.649","208.36328125","44100","128","146","0.06046427451774564","39.365234375","5.293078640535847","44100","128253","144","0.05963599678462584","46.2021484375","4.509818012724313","48000","156324"
"06_countertenorB","2414.649","208.36328125","44100","160","289","0.11968613243581158","48.7900390625","4.270611076639779","44100","159923","308","0.12755477090044973","55.3740234375","3.762834417932032","48000","187357"
"06_countertenorB","2414.649","208.36328125","44100","192","307","0.1271406320338898","58.267578125","3.5759729158985016","44100","191770","281","0.11637302150333237","64.5712890625","3.226871946885256","48000","218476"
"06_countertenorB","2414.649","208.36328125","44100","224","158","0.06543394091646447","67.2119140625","3.100094442426444","44100","221826","250","0.10353471663997542","73.59375","2.8312632696390656","48000","249003"
"06_countertenorB","2414.649","208.36328125","44100","256","314","0.13003960409980914","70.0166015625","2.9759125207470327","44100","231251","258","0.10684782757245463","82.486328125","2.5260341439158953","48000","279091"
"06_countertenorB","2414.649","208.36328125","44100","320","165","0.06833291298238378","70.3359375","2.9624014217483063","44100","232324",,,,,,
"07_bass","2623.8100000000004","226.470703125","44100","4","120","0.04573501892286407","2.6826171875","84.421550782672","44100","4485","299","0.11395642214946965","2.248046875","100.74109470026065","48000","7001"
"07_bass","2623.8100000000004","226.470703125","44100","6","240","0.09147003784572814","3.2666015625","69.32914798206278","44100","6292","173","0.06593465228046237","2.6796875","84.51384839650146","48000","8345"
"07_bass","2623.8100000000004","226.470703125","44100","8","132","0.05030852081515048","3.935546875","57.54491315136477","44100","8362","242","0.09223228816110922","2.9599609375","76.51138238205213","48000","9218"
"07_bass","2623.8100000000004","226.470703125","44100","16","143","0.05450089754974635","6.5341796875","34.659393214766105","44100","16404","169","0.06441015164970024","7.2138671875","31.393799918776228","48000","22467"
"07_bass","2623.8100000000004","226.470703125","44100","24","130","0.04954627049976941","9.123046875","24.82402055234425","44100","24416","283","0.1078584196264211","14.2431640625","15.900308536167294","48000","44359"
"07_bass","2623.8100000000004","226.470703125","44100","32","268","0.10214154226106309","11.724609375","19.315842078960518","44100","32468","186","0.07088927933043931","18.302734375","12.373599402411696","48000","57003"
"07_bass","2623.8100000000004","226.470703125","44100","40","322","0.12272230077635193","14.310546875","15.825440152859288","44100","40471","335","0.12767692782632886","23.5048828125","9.63504923345382","48000","73204"
"07_bass","2623.8100000000004","226.470703125","44100","48","159","0.0605989000727949","16.943359375","13.366340057636888","44100","48619","187","0.07127040448812985","26.1005859375","8.676843641261646","48000","81289"
"07_bass","2623.8100000000004","226.470703125","44100","64","291","0.11090742088794538","22.1357421875","10.230996602991132","44100","64688","250","0.09528128942263349","31.3115234375","7.232822879955088","48000","97518"
"07_bass","2623.8100000000004","226.470703125","44100","80","171","0.0651724019650813","27.2197265625","8.320094715315896","44100","80422","165","0.0628856510189381","36.0322265625","6.285226441174079","48000","112220"
"07_bass","2623.8100000000004","226.470703125","44100","96","242","0.09223228816110922","32.43359375","6.982596651812598","44100","96558","151","0.05754989881127062","40.51171875","5.5902516632918715","48000","126172"
"07_bass","2623.8100000000004","226.470703125","44100","112","176","0.06707802775353397","37.5107421875","6.037489260888808","44100","112270","325","0.12386567624942353","45.5146484375","4.975776170961444","48000","141753"
"07_bass","2623.8100000000004","226.470703125","44100","128","306","0.11662429825330338","42.576171875","5.319188953621726","44100","127947","230","0.0876587862688228","50.5068359375","4.483961406833079","48000","157301"
"07_bass","2623.8100000000004","226.470703125","44100","160","307","0.11700542341099392","52.8837890625","4.2824220264805275","44100","159847","281","0.10709616931104003","60.4970703125","3.7434986844016853","48000","188415"
"07_bass","2623.8100000000004","226.470703125","44100","192","296","0.11281304667639805","63.044921875","3.592211654636141","44100","191293","278","0.10595279383796843","70.4921875","3.2127064169345005","48000","219544"
"07_bass","2623.8100000000004","226.470703125","44100","224","289","0.1101451705725643","71.9658203125","3.146920331646154","44100","218901","296","0.11281304667639805","80.3369140625","2.8190117303835165","48000","250205"
"07_bass","2623.8100000000004","226.470703125","44100","256","273","0.10404716804951576","73.9716796875","3.0615865974890095","44100","225109","301","0.11471867246485072","90.044921875","2.5150857861744353","48000","280441"
"07_bass","2623.8100000000004","226.470703125","44100","320","317","0.12081667498789926","74.1044921875","3.056099521631986","44100","225520",,,,,,
"08_male","1214.059","105.009765625","44100","4","260","0.21415763154838438","1.7353515625","60.51209904333146","44100","4875","282","0.23227866191017077","0.9541015625","110.06141248720573","48000","6403"
"08_male","1214.059","105.009765625","44100","6","222","0.18285767001438974","1.978515625","53.07502467917078","44100","6485","255","0.2100392155570693","1.0986328125","95.58222222222223","48000","7373"
"08_male","1214.059","105.009765625","44100","8","259","0.21333394835012137","2.439453125","43.04643714971978","44100","9537","267","0.2199234139362255","1.3515625","77.69508670520231","48000","9071"
"08_male","1214.059","105.009765625","44100","16","259","0.21333394835012137","3.5361328125","29.696216514774925","44100","16798","312","0.25698915785806126","2.794921875","37.571628232005594","48000","18758"
"08_male","1214.059","105.009765625","44100","24","254","0.2092155323588063","4.6943359375","22.36946120241315","44100","24466","272","0.2240418299275406","4.2099609375","24.94316863836697","48000","28255"
"08_male","1214.059","105.009765625","44100","32","257","0.21168658195359535","5.9609375","17.61631716906946","44100","32852","298","0.24545759308237902","5.4560546875","19.24646500805441","48000","36619"
"08_male","1214.059","105.009765625","44100","40","284","0.2339260283066968","7.212890625","14.558624424587057","44100","41141","271","0.2232181467292776","6.6650390625","15.755311355311356","48000","44733"
"08_male","1214.059","105.009765625","44100","48","287","0.23639707790148584","8.4208984375","12.470138003015192","44100","49140","295","0.24298654348759","7.9560546875","13.19872345648705","48000","53398"
"08_male","1214.059","105.009765625","44100","64","198","0.16308927325607733","10.8154296875","9.709255079006772","44100","64994","132","0.10872618217071824","10.61328125","9.894184762605816","48000","71232"
"08_male","1214.059","105.009765625","44100","80","125","0.10296039978287712","13.111328125","8.009086846417398","44100","80195","254","0.2092155323588063","13.3388671875","7.872465041364668","48000","89525"
"08_male","1214.059","105.009765625","44100","96","277","0.22816024591885567","15.4794921875","6.7837991293924675","44100","95874","264","0.21745236434143647","15.8857421875","6.610315362390115","48000","106619"
"08_male","1214.059","105.009765625","44100","112","274","0.22568919632406662","17.806640625","5.897224964352309","44100","111282","289","0.2380444442980119","18.3408203125","5.725467227517171","48000","123097"
"08_male","1214.059","105.009765625","44100","128","258","0.21251026515185836","20.1953125","5.199709864603482","44100","127098","271","0.2232181467292776","20.7724609375","5.055239527995863","48000","139417"
"08_male","1214.059","105.009765625","44100","160","290","0.2388681274962749","24.8212890625","4.2306330408781525","44100","157726","150","0.12355247973945253","25.6025390625","4.1015371705382","48000","171835"
"08_male","1214.059","105.009765625","44100","192","143","0.11778669735161142","29.46875","3.56342788971368","44100","188497","235","0.19356555159180897","30.3115234375","3.4643512999774475","48000","203440"
"08_male","1214.059","105.009765625","44100","224","161","0.13261299492034573","33.767578125","3.1097807854705306","44100","216959","263","0.21662868114317343","34.9384765625","3.005562232719345","48000","234495"
"08_male","1214.059","105.009765625","44100","256","280","0.23063129551364472","34.4189453125","3.0509292098169953","44100","221272","233","0.19191818519528295","39.4140625","2.6642715559960357","48000","264533"
"08_male","1214.059","105.009765625","44100","320","220","0.18121030361786372","34.9814453125","3.001870411211301","44100","224996",,,,,,
"09_cello","3463.8779999999997","298.923828125","44100","4","231","0.06668826096069204","3.3740234375","88.59565846599132","44100","4689","349","0.10075412586701958","2.3251953125","128.55858882822344","48000","5488"
"09_cello","3463.8779999999997","298.923828125","44100","6","294","0.08487596849542624","4.103515625","72.84578772013327","44100","6403","347","0.10017673832623436","2.69140625","111.06603773584905","48000","6353"
"09_cello","3463.8779999999997","298.923828125","44100","8","273","0.0788133993171815","4.9716796875","60.12531919072874","44100","8442","323","0.09324808783681181","3.1904296875","93.69390878481788","48000","7531"
"09_cello","3463.8779999999997","298.923828125","44100","16","249","0.07188474882775896","8.349609375","35.80093567251462","44100","16378","311","0.08978376259210054","7.8583984375","38.03877221324717","48000","18550"
"09_cello","3463.8779999999997","298.923828125","44100","24","152","0.04388145309967615","11.74609375","25.44878616561357","44100","24357","317","0.09151592521445617","11.46875","26.064202997275203","48000","27072"
"09_cello","3463.8779999999997","298.923828125","44100","32","302","0.08718551865856708","15.1552734375","19.72408015980411","44100","32366","303","0.08747421242895968","15.08984375","19.809603934765725","48000","35620"
"09_cello","3463.8779999999997","298.923828125","44100","40","280","0.08083425570992975","18.5966796875","16.07404295541669","44100","40450","256","0.0739056052205072","18.8408203125","15.865754418701083","48000","44474"
"09_cello","3463.8779999999997","298.923828125","44100","48","358","0.10335236980055303","21.955078125","13.615247753758563","44100","48340","150","0.043304065558890936","23.1328125","12.92207024653833","48000","54605"
"09_cello","3463.8779999999997","298.923828125","44100","64","276","0.07967948062835932","28.8154296875","10.373741823973972","44100","64457","316","0.09122723144406357","30.4306640625","9.82311222361285","48000","71832"
"09_cello","3463.8779999999997","298.923828125","44100","80","204","0.05889352916009167","35.5537109375","8.407668854890543","44100","80286","311","0.08978376259210054","37.1435546875","8.04779808071513","48000","87678"
"09_cello","3463.8779999999997","298.923828125","44100","96","313","0.09036115013288575","42.3740234375","7.054412205296029","44100","96309","290","0.08372119341385581","44.04296875","6.7870953436807095","48000","103965"
"09_cello","3463.8779999999997","298.923828125","44100","112","328","0.09469155668877484","48.9609375","6.105353438646881","44100","111783","328","0.09469155668877484","50.671875","5.899205982115325","48000","119612"
"09_cello","3463.8779999999997","298.923828125","44100","128","323","0.09324808783681181","55.5849609375","5.377782462798011","44100","127344","296","0.08545335603621144","57.3173828125","5.215238614485544","48000","135299"
"09_cello","3463.8779999999997","298.923828125","44100","160","296","0.08545335603621144","69.0947265625","4.326290051305245","44100","159082","309","0.08920637505131533","70.5205078125","4.238821264869206","48000","166466"
"09_cello","3463.8779999999997","298.923828125","44100","192","295","0.08516466226581884","82.16015625","3.638306470784006","44100","189776","271","0.07823601177639629","83.6064453125","3.5753682267879876","48000","197356"
"09_cello","3463.8779999999997","298.923828125","44100","224","332","0.09584633177034527","90.9423828125","3.286958389261745","44100","210407","320","0.092382006525634","96.8203125","3.0874082143145323","48000","228547"
"09_cello","3463.8779999999997","298.923828125","44100","256","263","0.07592646161325543","93.716796875","3.1896505012191816","44100","216925","189","0.054563122604202575","109.830078125","2.721693667419487","48000","259258"
"09_cello","3463.8779999999997","298.923828125","44100","320","381","0.10999232651958298","93.9228515625","3.182652817201618","44100","217409",,,,,,
"10_saxophone","19824.603","1708.162109375","44100","4","284","0.01432563365833858","15.9248046875","107.26424234991109","44100","4869","411","0.02073181490696182","12.650390625","135.02840821367917","48000","5225"
"10_saxophone","19824.603","1708.162109375","44100","6","173","0.008726530362297797","19.45703125","87.79150772937162","44100","6326","578","0.029155691037041197","13.8916015625","122.96365553602811","48000","5738"
"10_saxophone","19824.603","1708.162109375","44100","8","327","0.01649465565590393","24.232421875","70.49077133876038","44100","8297","384","0.019369870861978927","17.6328125","96.87405848471423","48000","7283"
"10_saxophone","19824.603","1708.162109375","44100","16","206","0.010391128639499111","43.654296875","39.12930070242942","44100","16314","247","0.012459265892991653","71.2822265625","23.963366350197965","48000","29445"
"10_saxophone","19824.603","1708.162109375","44100","24","436","0.021992874207871906","63.0771484375","27.08052205415615","44100","24330","450","0.022699067416381554","113.3046875","15.07582913879887","48000","46804"
"10_saxophone","19824.603","1708.162109375","44100","32","478","0.02411145383340085","82.5400390625","20.694951550502243","44100","32363","448","0.022598182672308748","142.70703125","11.969712314893384","48000","58950"
"10_saxophone","19824.603","1708.162109375","44100","40","462","0.023304375880818396","101.80859375","16.77817212139815","44100","40316","513","0.025876936854674973","161.6083984375","10.56976076670675","48000","66758"
"10_saxophone","19824.603","1708.162109375","44100","48","438","0.022093758951944712","121.234375","14.089750612192292","44100","48334","410","0.020681372534925416","190.650390625","8.959657012897873","48000","78755"
"10_saxophone","19824.603","1708.162109375","44100","64","317","0.015990231935539896","160.046875","10.672886361417554","44100","64354","377","0.019016774257724103","231.0478515625","7.393109686254454","48000","95443"
"10_saxophone","19824.603","1708.162109375","44100","80","531","0.026784899551330236","198.86328125","8.589630517197351","44100","80375","435","0.021942431835835503","269.1728515625","6.345967282582274","48000","111192"
"10_saxophone","19824.603","1708.162109375","44100","96","498","0.025120301274128922","237.7392578125","7.185023311220194","44100","96420","423","0.02133712337139866","306.41796875","5.574614688372449","48000","126577"
"10_saxophone","19824.603","1708.162109375","44100","112","369","0.018613235281432876","276.4697265625","6.178477949877254","44100","112406","587","0.029609672385368827","343.568359375","4.971826021704651","48000","141924"
"10_saxophone","19824.603","1708.162109375","44100","128","573","0.02890347917685918","315.220703125","5.418940102730602","44100","128400","457","0.023052164020636378","380.7109375","4.48676920235579","48000","157267"
"10_saxophone","19824.603","1708.162109375","44100","160","462","0.023304375880818396","392.609375","4.350792971703745","44100","160342","601","0.030315865593878475","454.900390625","3.7550244945450797","48000","187914"
"10_saxophone","19824.603","1708.162109375","44100","192","654","0.03298931131180786","470.0693359375","3.6338513891110646","44100","192312","572","0.028853036804822776","529.8984375","3.223565099444174","48000","218894"
"10_saxophone","19824.603","1708.162109375","44100","224","761","0.03838664511970303","543.1435546875","3.144955131351597","44100","222473","519","0.026179591086893394","603.880859375","2.8286409195729445","48000","249456"
"10_saxophone","19824.603","1708.162109375","44100","256","658","0.033191080799953476","577.36328125","2.9585568823788098","44100","236597","314","0.015838904819430684","677.8505859375","2.519968478027543","48000","280012"
"10_saxophone","19824.603","1708.162109375","44100","320","927","0.046760078877746004","577.9052734375","2.9557821807274722","44100","236821",,,,,,
"11_bassoon","1408.481","121.623046875","44100","4","218","0.15477667075381207","1.8515625","65.6867088607595","44100","4699","298","0.21157544901209174","1.0859375","111.99820143884892","48000","6286"
"11_bassoon","1408.481","121.623046875","44100","6","254","0.18033612097003793","2.12109375","57.33977900552486","44100","6241","286","0.2030556322733498","1.224609375","99.3157894736842","48000","7089"
"11_bassoon","1408.481","121.623046875","44100","8","249","0.17678619732889544","2.5302734375","48.06715553840216","44100","8582","282","0.20021569336043582","1.5146484375","80.29787234042553","48000","8768"
"11_bassoon","1408.481","121.623046875","44100","16","229","0.16258650276432554","3.9306640625","30.942111801242238","44100","16595","253","0.17962613624180945","3.2294921875","37.660114907771394","48000","18696"
"11_bassoon","1408.481","121.623046875","44100","24","303","0.21512537265323423","5.3623046875","22.681114551083592","44100","24787","258","0.1831760598829519","4.8525390625","25.06379553230026","48000","28093"
"11_bassoon","1408.481","121.623046875","44100","32","231","0.16400647222078255","6.7890625","17.914556962025316","44100","32951","289","0.20518558645803528","6.314453125","19.261057841014537","48000","36556"
"11_bassoon","1408.481","121.623046875","44100","40","257","0.18246607515472343","8.2841796875","14.681362725450901","44100","41505","265","0.1881459529805514","8.7587890625","13.88582896643996","48000","50708"
"11_bassoon","1408.481","121.623046875","44100","48","247","0.17536622787243847","9.6318359375","12.627192537767414","44100","49216","235","0.16684641113369653","10.1689453125","11.960242005185826","48000","58872"
"11_bassoon","1408.481","121.623046875","44100","64","283","0.20092567808866432","12.4755859375","9.748884540117416","44100","65488","269","0.19098589189346538","13.3818359375","9.088666715317814","48000","77472"
"11_bassoon","1408.481","121.623046875","44100","80","268","0.19027590716523687","15.212890625","7.994736166388496","44100","81151","248","0.17607621260066697","15.9873046875","7.607476635514018","48000","92556"
"11_bassoon","1408.481","121.623046875","44100","96","209","0.14838680819975564","17.94921875","6.775952121871599","44100","96807","258","0.1831760598829519","18.5107421875","6.570403587443947","48000","107166"
"11_bassoon","1408.481","121.623046875","44100","112","313","0.2222252199355192","20.6533203125","5.888789068041042","44100","112280","274","0.19453581553460786","21.251953125","5.722911497105046","48000","123036"
"11_bassoon","1408.481","121.623046875","44100","128","250","0.17749618205712395","23.453125","5.185792804796802","44100","128300","286","0.2030556322733498","23.98828125","5.07010258915486","48000","138877"
"11_bassoon","1408.481","121.623046875","44100","160","270","0.19169587662169388","28.9970703125","4.194321894049103","44100","160022","279","0.19808573917575034","29.455078125","4.1291028446389495","48000","170527"
"11_bassoon","1408.481","121.623046875","44100","192","299","0.21228543374032025","34.49609375","3.5257049031819725","44100","191486","234","0.16613642640546802","34.921875","3.482718120805369","48000","202176"
"11_bassoon","1408.481","121.623046875","44100","224","272","0.19311584607815085","39.7138671875","3.0624830944008656","44100","221342","265","0.1881459529805514","40.3740234375","3.0124083883607864","48000","233741"
"11_bassoon","1408.481","121.623046875","44100","256","289","0.20518558645803528","41.4619140625","2.933367878088419","44100","231344","310","0.2200952657508337","45.61328125","2.666395478290657","48000","264073"
"11_bassoon","1408.481","121.623046875","44100","320","280","0.19879572390397882","41.4677734375","2.9329533947201094","44100","231377",,,,,,
"12_doublebass","1388.458","120.1484375","44100","4","231","0.1663716151298779","1.8701171875","64.24647519582246","44100","4896","286","0.2059839044465155","1.3076171875","91.88349514563107","48000","7679"
"12_doublebass","1388.458","120.1484375","44100","6","247","0.1778951902038088","2.1474609375","55.94906775807185","44100","6505","243","0.1750142964353261","1.5673828125","76.65545171339564","48000","9204"
"12_doublebass","1388.458","120.1484375","44100","8","137","0.09867061157053364","2.6103515625","46.02768424990647","44100","9191","146","0.10515262254961978","1.685546875","71.28157589803013","48000","9898"
"12_doublebass","1388.458","120.1484375","44100","16","143","0.10299195222325774","3.90625","30.758","44100","16712","184","0.13252111335020575","3.431640625","35.01195219123506","48000","20152"
"12_doublebass","1388.458","120.1484375","44100","24","127","0.0914683771493268","5.2939453125","22.695443645083934","44100","24764","316","0.22759060771013598","4.6826171875","25.658394160583942","48000","27499"
"12_doublebass","1388.458","120.1484375","44100","32","268","0.19301988248834318","6.7236328125","17.86957153231663","44100","33061","311","0.22398949049953257","5.779296875","20.789455897262588","48000","33939"
"12_doublebass","1388.458","120.1484375","44100","40","287","0.20670412788863615","8.103515625","14.826705230175946","44100","41068","304","0.21894792640468777","6.9384765625","17.31625615763547","48000","40746"
"12_doublebass","1388.458","120.1484375","44100","48","251","0.18077608397229156","9.521484375","12.618666666666666","44100","49297","313","0.22542993738377393","8.0888671875","14.853555475069419","48000","47502"
"12_doublebass","1388.458","120.1484375","44100","64","269","0.19374010593046387","12.1826171875","9.862284569138277","44100","64739","277","0.19950189346742933","14.375","8.358152173913043","48000","84418"
"12_doublebass","1388.458","120.1484375","44100","80","290","0.2088647982149982","14.890625","8.068730325288563","44100","80454","239","0.17213340266684335","18.4033203125","6.528628283364288","48000","108074"
"12_doublebass","1388.458","120.1484375","44100","96","245","0.17645474331956745","17.6220703125","6.818065946245498","44100","96305","151","0.1087537397602232","22.5546875","5.3269830273640455","48000","132454"
"12_doublebass","1388.458","120.1484375","44100","112","305","0.21966814984680846","20.3623046875","5.900532348568414","44100","112206","277","0.19950189346742933","26.4462890625","4.543111406521177","48000","155307"
"12_doublebass","1388.458","120.1484375","44100","128","289","0.20814457477287754","23.078125","5.206161137440758","44100","127966","274","0.19734122314106728","30.3642578125","3.9569034830990897","48000","178316"
"12_doublebass","1388.458","120.1484375","44100","160","275","0.19806144658318794","28.4287109375","4.2263062072756","44100","159016","223","0.16060982759291242","38.1318359375","3.1508694650037135","48000","223932"
"12_doublebass","1388.458","120.1484375","44100","192","281","0.20238278723591205","33.69921875","3.565318187087052","44100","189601","271","0.19518055281470523","45.775390625","2.6247386610914365","48000","268819"
"12_doublebass","1388.458","120.1484375","44100","224","294","0.21174569198348095","37.0185546875","3.245627456670272","44100","208863","283","0.20382323412015343","53.2841796875","2.254861352931474","48000","312915"
"12_doublebass","1388.458","120.1484375","44100","256","313","0.22542993738377393","37.125","3.236321548821549","44100","209481","257","0.18509742462501566","58.8544921875","2.041448885791561","48000","345627"
"12_doublebass","1388.458","120.1484375","44100","320","344","0.2477568640895151","37.564453125","3.198460978526491","44100","212031",,,,,,
"13_frenchhorn","8712.902","750.90234375","44100","4","241","0.027660129770769832","7.39453125","101.54833597464342","44100","4814","407","0.04671233533901793","6.0732421875","123.6410998552822","48000","5705"
"13_frenchhorn","8712.902","750.90234375","44100","6","302","0.034661241455487504","9.0390625","83.07303370786516","44100","6356","480","0.05509071489613908","6.9296875","108.36020293122886","48000","6510"
"13_frenchhorn","8712.902","750.90234375","44100","8","289","0.03316920126038374","11.15625","67.3077731092437","44100","8341","461","0.05291004076483358","8.7802734375","85.52152152152152","48000","8249"
"13_frenchhorn","8712.902","750.90234375","44100","16","267","0.030644210160977365","19.7109375","38.09571938168847","44100","16363","367","0.04212144243100634","22.7763671875","32.968486043819404","48000","21398"
"13_frenchhorn","8712.902","750.90234375","44100","24","169","0.019396522536348968","28.2607421875","26.570510383910985","44100","24380","415","0.047630513920620246","37.07421875","20.25403013381098","48000","34831"
"13_frenchhorn","8712.902","750.90234375","44100","32","345","0.03959645133159997","36.859375","20.372085629504028","44100","32443","357","0.040973719204003445","48.0390625","15.63107822410148","48000","45133"
"13_frenchhorn","8712.902","750.90234375","44100","40","353","0.04051462991320228","45.4150390625","16.53422212665305","44100","40466","390","0.044761205853113","57.5791015625","13.041230643985006","48000","54096"
"13_frenchhorn","8712.902","750.90234375","44100","48","339","0.038907817395398225","53.955078125","13.917176470588235","44100","48474","371","0.0425805317218075","65.6611328125","11.436024807769531","48000","61689"
"13_frenchhorn","8712.902","750.90234375","44100","64","377","0.043269165658009236","71.0439453125","10.569547347729866","44100","64499","366","0.04200667010830605","87.3818359375","8.593345924742119","48000","82096"
"13_frenchhorn","8712.902","750.90234375","44100","80","397","0.045564612112015034","88.0888671875","8.524372803565292","44100","80482","385","0.044187344239611556","104","7.22021484375","48000","97709"
"13_frenchhorn","8712.902","750.90234375","44100","96","397","0.045564612112015034","105.1171875","7.143478260869565","44100","96450","359","0.04120326384940402","120.755859375","6.218351205783881","48000","113451"
"13_frenchhorn","8712.902","750.90234375","44100","112","409","0.04694187998441851","122.1181640625","6.1489815992131085","44100","112392","405","0.04648279069361735","137.125","5.476042616226071","48000","128830"
"13_frenchhorn","8712.902","750.90234375","44100","128","388","0.044531661207712424","139.14453125","5.396563824710143","44100","128358","321","0.03684191558679301","153.4716796875","4.89277464923165","48000","144188"
"13_frenchhorn","8712.902","750.90234375","44100","160","443","0.05084413895622836","173.3515625","4.331673351660733","44100","160434","392","0.04499075049851358","186.095703125","4.0350332175355","48000","174839"
"13_frenchhorn","8712.902","750.90234375","44100","192","455","0.052221406828631835","208.828125","3.5957912457912458","44100","193701","291","0.033398745905784316","218.923828125","3.4299708267537405","48000","205681"
"13_frenchhorn","8712.902","750.90234375","44100","224","458","0.05256572379673271","244.9267578125","3.0658240465700444","44100","227551","357","0.040973719204003445","251.58203125","2.984721683099138","48000","236364"
"13_frenchhorn","8712.902","750.90234375","44100","256","435","0.049925960374626044","250.5693359375","2.996784666170401","44100","232842","402","0.04613847372551648","283.9765625","2.644240556824122","48000","266799"
"13_frenchhorn","8712.902","750.90234375","44100","320","519","0.059566835481450385","250.5595703125","2.996901466639124","44100","232833",,,,,,
"14_piano","4729.365","407.759765625","44100","4","279","0.058993120640931714","4.4072265625","92.52071792599158","44100","4857","342","0.07231414788243243","3.4306640625","118.85738684884714","48000","5934"
"14_piano","4729.365","407.759765625","44100","6","279","0.058993120640931714","5.279296875","77.23751387347392","44100","6361","347","0.07337137226667852","3.9931640625","102.11445341159208","48000","6907"
"14_piano","4729.365","407.759765625","44100","8","268","0.05666722699559032","6.4072265625","63.64060356652949","44100","8305","390","0.08246350197119487","4.9501953125","82.37246005129217","48000","8562"
"14_piano","4729.365","407.759765625","44100","16","250","0.052861219212304404","11.177734375","36.47964354359602","44100","16528","350","0.07400570689722616","10.462890625","38.97199925331342","48000","18098"
"14_piano","4729.365","407.759765625","44100","24","290","0.06131901428627311","15.759765625","25.873466352707894","44100","24426","301","0.0636449079316145","19.3037109375","21.123387463955076","48000","33391"
"14_piano","4729.365","407.759765625","44100","32","309","0.06533646694640824","20.427734375","19.96108614590305","44100","32472","290","0.06131901428627311","23.7919921875","17.13852973771703","48000","41154"
"14_piano","4729.365","407.759765625","44100","40","158","0.03340829054217638","25.12890625","16.22672159179232","44100","40575","184","0.03890585734025604","27.8154296875","14.659481093985887","48000","48114"
"14_piano","4729.365","407.759765625","44100","48","227","0.0479979870447724","29.7626953125","13.700364209075696","44100","48563","330","0.06977680936024182","37.1796875","10.96727253624711","48000","64312"
"14_piano","4729.365","407.759765625","44100","64","307","0.0649135771927098","39.123046875","10.422495132544556","44100","64697","302","0.06385635280846372","47.2607421875","8.627874780452526","48000","81750"
"14_piano","4729.365","407.759765625","44100","80","319","0.06745091571490042","48.28125","8.445509708737864","44100","80483","253","0.05349555384285205","58.486328125","6.971881783269327","48000","101168"
"14_piano","4729.365","407.759765625","44100","96","346","0.0731599273898293","57.9365234375","7.038043386653632","44100","97126","258","0.05455277822709814","70.650390625","5.771514665634589","48000","122209"
"14_piano","4729.365","407.759765625","44100","112","224","0.047363652414224744","67.6875","6.024151662049862","44100","113933","159","0.0336197354190256","79.5810546875","5.123829625357401","48000","137657"
"14_piano","4729.365","407.759765625","44100","128","203","0.04292331000039117","76.6328125","5.320955245182995","44100","129352","266","0.05624433724189189","88.4970703125","4.607607508193465","48000","153080"
"14_piano","4729.365","407.759765625","44100","160","276","0.05835878601038406","94.443359375","4.317505945610589","44100","160052","323","0.06829669522229728","106.3173828125","3.8353066529498756","48000","183905"
"14_piano","4729.365","407.759765625","44100","192","276","0.05835878601038406","97.8701171875","4.16633572476277","44100","165959","279","0.058993120640931714","124.267578125","3.2813045186640473","48000","214954"
"14_piano","4729.365","407.759765625","44100","224","483","0.10212787551817211","96.1103515625","4.242620685450684","44100","162926","265","0.056032892365042664","141.98046875","2.871942663768674","48000","245594"
"14_piano","4729.365","407.759765625","44100","256","619","0.1308843787696657","95.400390625","4.2741938785955575","44100","161702","162","0.03425407004957325","156.7080078125","2.602035284073559","48000","271069"
"14_piano","4729.365","407.759765625","44100","320","390","0.08246350197119487","95.5732421875","4.266463670082867","44100","162000",,,,,,
"15_trumpet","70607.982","6081.974609375","44100","4","421","0.0059624986874713395","53.7421875","113.16946503852304","44100","4763","331","0.0046878552625962315","46.2900390625","131.38840952722515","48000","5370"
"15_trumpet","70607.982","6081.974609375","44100","6","332","0.004702017967317066","68.4248046875","88.88552385573809","44100","6466","107","0.0015154094051292955","52.916015625","114.93636732735393","48000","6138"
"15_trumpet","70607.982","6081.974609375","44100","8","319","0.004517902805946217","86.46484375","70.34043370228146","44100","8558","344","0.004871970423967081","69.6259765625","87.35209055079456","48000","8077"
"15_trumpet","70607.982","6081.974609375","44100","16","674","0.009545662981842477","153.4111328125","39.64493643892472","44100","16323","597","0.008455134718338218","160.009765625","38.010021361000916","48000","18562"
"15_trumpet","70607.982","6081.974609375","44100","24","539","0.007633697844529815","222.3740234375","27.350202669172766","44100","24321","135","0.0019119651373126624","248.7607421875","24.449093357306335","48000","28858"
"15_trumpet","70607.982","6081.974609375","44100","32","739","0.010466238788696722","291.79296875","20.8434584130979","44100","32373","85","0.0012038299012709355","327.3203125","18.58110962598754","48000","37972"
"15_trumpet","70607.982","6081.974609375","44100","40","96","0.0013596196532001154","360.75390625","16.85906792416056","44100","40371","905","0.012817247772355255","402.2822265625","15.118675914035398","48000","46668"
"15_trumpet","70607.982","6081.974609375","44100","48","896","0.012689783429867745","429.732421875","14.152934011444257","44100","48371","993","0.014063565787788694","484.4951171875","12.553221680913806","48000","56206"
"15_trumpet","70607.982","6081.974609375","44100","64","839","0.011882509260780176","567.955078125","10.708548692712686","44100","64403","999","0.0141485420161137","616.62890625","9.863265487118088","48000","71535"
"15_trumpet","70607.982","6081.974609375","44100","80","975","0.013808637102813673","705.8447265625","8.616589995641858","44100","80396","112","0.0015862229287334681","770.44140625","7.894142967961751","48000","89379"
"15_trumpet","70607.982","6081.974609375","44100","96","228","0.0032290966763502743","843.7275390625","7.208458095528006","44100","96388","129","0.0018269889089876552","905.220703125","6.7187754194958496","48000","105014"
"15_trumpet","70607.982","6081.974609375","44100","112","900","0.012746434248751083","981.7294921875","6.19516339050086","44100","112394","885","0.012533993677938565","1037.765625","5.860643735790536","48000","120391"
"15_trumpet","70607.982","6081.974609375","44100","128","457","0.006472356057421383","1119.7568359375","5.431513712781182","44100","128401","107","0.0015154094051292955","1169.65234375","5.199813980516379","48000","135691"
"15_trumpet","70607.982","6081.974609375","44100","160","108","0.00152957210985013","1395.7373046875","4.357535324841611","44100","160410","881","0.012477342859055227","1433.50390625","4.242733195813361","48000","166301"
"15_trumpet","70607.982","6081.974609375","44100","192","757","0.010721167473671744","1671.4794921875","3.6386773740283185","44100","192391","386","0.005466804022242131","1697.3330078125","3.583253599252964","48000","196907"
"15_trumpet","70607.982","6081.974609375","44100","224","832","0.011783370327734334","1886.826171875","3.2233889374828557","44100","217367","407","0.005764220821379657","1964.59375","3.095792506402405","48000","227912"
"15_trumpet","70607.982","6081.974609375","44100","256","620","0.008780876926917413","1887.0439453125","3.2230169437669387","44100","217393","697","0.009871405190421671","2228.255859375","2.7294776691761617","48000","258500"
"15_trumpet","70607.982","6081.974609375","44100","320","168","0.002379334393100202","1887.0439453125","3.2230169437669387","44100","217393",,,,,,
"16_crash","1629.637","140.619140625","44100","4","116","0.0711814962473238","1.94140625","72.43158953722335","44100","4322","133","0.08161326724908677","0.990234375","142.0059171597633","48000","4957"
"16_crash","1629.637","140.619140625","44100","6","126","0.07731783213071378","2.3408203125","60.07259073842303","44100","6301","145","0.08897687030915474","1.1435546875","122.9666951323655","48000","5725"
"16_crash","1629.637","140.619140625","44100","8","132","0.08099963366074776","2.703125","52.020953757225435","44100","8097","144","0.08836323672081574","1.443359375","97.42489851150204","48000","7226"
"16_crash","1629.637","140.619140625","44100","16","141","0.08652233595579875","4.41796875","31.8289124668435","44100","16596","157","0.09634047336922272","3.1103515625","45.21004709576138","48000","15573"
"16_crash","1629.637","140.619140625","44100","24","134","0.08222690083742576","6.05078125","23.23983214977405","44100","24689","152","0.09327230542752774","4.671875","30.099080267558527","48000","23391"
"16_crash","1629.637","140.619140625","44100","32","141","0.08652233595579875","7.6796875","18.310528992878943","44100","32762","162","0.09940864131091771","6.2333984375","22.55898480338399","48000","31209"
"16_crash","1629.637","140.619140625","44100","40","146","0.08959050389749373","9.2802734375","15.152478164790066","44100","40695","140","0.08590870236745975","7.8779296875","17.849758274451467","48000","39443"
"16_crash","1629.637","140.619140625","44100","48","139","0.08529506877912076","10.8701171875","12.936304015811697","44100","48575","141","0.08652233595579875","9.7041015625","14.490691355539902","48000","48587"
"16_crash","1629.637","140.619140625","44100","64","126","0.07731783213071378","14.0537109375","10.005836981446738","44100","64354","132","0.08099963366074776","13.6337890625","10.31401762051429","48000","68262"
"16_crash","1629.637","140.619140625","44100","80","141","0.08652233595579875","17.33984375","8.109596756026132","44100","80640","127","0.07793146571905277","16.5400390625","8.501741748833913","48000","82814"
"16_crash","1629.637","140.619140625","44100","96","137","0.08406780160244276","20.537109375","6.847075606276747","44100","96487","128","0.07854509930739177","19.2529296875","7.303778848592442","48000","96397"
"16_crash","1629.637","140.619140625","44100","112","149","0.09143140466251073","23.69140625","5.935449299258038","44100","112121","147","0.09020413748583274","22.4560546875","6.261969993476843","48000","112434"
"16_crash","1629.637","140.619140625","44100","128","147","0.09020413748583274","26.86328125","5.23462265522757","44100","127841","150","0.09204503825084973","25.57421875","5.498472582862379","48000","128047"
"16_crash","1629.637","140.619140625","44100","160","145","0.08897687030915474","33.23828125","4.23063814784346","44100","159437","146","0.08959050389749373","31.8115234375","4.420383729854183","48000","159276"
"16_crash","1629.637","140.619140625","44100","192","145","0.08897687030915474","39.515625","3.558570581257414","44100","190550","135","0.08284053442576476","38.02734375","3.6978428351309707","48000","190398"
"16_crash","1629.637","140.619140625","44100","224","144","0.08836323672081574","45.9013671875","3.063506584686084","44100","222199","131","0.08038600007240877","44.2099609375","3.180711713900731","48000","221354"
"16_crash","1629.637","140.619140625","44100","256","150","0.09204503825084973","46.2685546875","3.0391945798771607","44100","224019","137","0.08406780160244276","50.2548828125","2.7981189638755564","48000","251620"
"16_crash","1629.637","140.619140625","44100","320","148","0.09081777107417173","46.6298828125","3.015644306687051","44100","225810",,,,,,
