"Sample","q","qxy","Original size (KB)","Compression time (ms)","Comp Time / Orig dur","size (KB)","rate","Decompression time (ms","Decomp Time / Orig dur"
"01_sopranoA","0.20","0.00","224.349609375","497","∞","3.810546875","58.87596104561763","115","∞"
"01_sopranoA","0.20","0.20","224.349609375","657","∞","13.583984375","16.515744069015096","80","∞"
"01_sopranoA","0.20","0.40","224.349609375","583","∞","10.724609375","20.91914041158259","53","∞"
"01_sopranoA","0.20","0.60","224.349609375","508","∞","9.294921875","24.13679344400084","125","∞"
"01_sopranoA","0.20","0.80","224.349609375","527","∞","9.294921875","24.13679344400084","120","∞"
"01_sopranoA","0.20","1.00","224.349609375","575","∞","9.294921875","24.13679344400084","56","∞"
"01_sopranoA","0.40","0.00","224.349609375","631","∞","3.998046875","56.114802149487055","123","∞"
"01_sopranoA","0.40","0.20","224.349609375","949","∞","32.013671875","7.0079311817460805","146","∞"
"01_sopranoA","0.40","0.40","224.349609375","764","∞","20.638671875","10.870351093025457","91","∞"
"01_sopranoA","0.40","0.60","224.349609375","570","∞","14.951171875","15.005486610058785","95","∞"
"01_sopranoA","0.40","0.80","224.349609375","563","∞","14.951171875","15.005486610058785","57","∞"
"01_sopranoA","0.40","1.00","224.349609375","558","∞","14.951171875","15.005486610058785","99","∞"
"01_sopranoA","0.60","0.00","224.349609375","563","∞","4.169921875","53.801873536299766","158","∞"
"01_sopranoA","0.60","0.20","224.349609375","937","∞","58.978515625","3.803920919296619","138","∞"
"01_sopranoA","0.60","0.40","224.349609375","690","∞","33.408203125","6.715404852382345","162","∞"
"01_sopranoA","0.60","0.60","224.349609375","665","∞","24.884765625","9.015540381445726","63","∞"
"01_sopranoA","0.60","0.80","224.349609375","567","∞","20.623046875","10.87858698740411","78","∞"
"01_sopranoA","0.60","1.00","224.349609375","579","∞","20.623046875","10.87858698740411","70","∞"
"01_sopranoA","0.80","0.00","224.349609375","598","∞","4.357421875","51.48677722994173","175","∞"
"01_sopranoA","0.80","0.20","224.349609375","277","∞","94.388671875","2.3768700726302066","86","∞"
"01_sopranoA","0.80","0.40","224.349609375","716","∞","48.982421875","4.580206547310499","115","∞"
"01_sopranoA","0.80","0.60","224.349609375","657","∞","31.955078125","7.020781125848053","77","∞"
"01_sopranoA","0.80","0.80","224.349609375","617","∞","26.279296875","8.537123745819398","121","∞"
"01_sopranoA","0.80","1.00","224.349609375","561","∞","26.279296875","8.537123745819398","91","∞"
"01_sopranoA","1.00","0.00","224.349609375","546","∞","4.544921875","49.362698753760206","101","∞"
"01_sopranoA","1.00","0.20","224.349609375","111","∞","138.357421875","1.621522042942447","146","∞"
"01_sopranoA","1.00","0.40","224.349609375","862","∞","67.419921875","3.3276456444277063","82","∞"
"01_sopranoA","1.00","0.60","224.349609375","702","∞","46.138671875","4.862506878889218","125","∞"
"01_sopranoA","1.00","0.80","224.349609375","638","∞","31.951171875","7.021639464514946","92","∞"
"01_sopranoA","1.00","1.00","224.349609375","617","∞","31.951171875","7.021639464514946","124","∞"
"02_sopranoB","0.20","0.00","198.64453125","499","∞","2.6875","73.91424418604652","97","∞"
"02_sopranoB","0.20","0.20","198.64453125","538","∞","8.94921875","22.19685726756875","89","∞"
"02_sopranoB","0.20","0.40","198.64453125","474","∞","7.06640625","28.11111111111111","68","∞"
"02_sopranoB","0.20","0.60","198.64453125","456","∞","6.125","32.431760204081634","87","∞"
"02_sopranoB","0.20","0.80","198.64453125","490","∞","6.125","32.431760204081634","163","∞"
"02_sopranoB","0.20","1.00","198.64453125","471","∞","6.125","32.431760204081634","129","∞"
"02_sopranoB","0.40","0.00","198.64453125","460","∞","2.953125","67.26587301587301","79","∞"
"02_sopranoB","0.40","0.20","198.64453125","720","∞","21.0703125","9.42769744160178","57","∞"
"02_sopranoB","0.40","0.40","198.64453125","577","∞","13.5859375","14.621334100057505","57","∞"
"02_sopranoB","0.40","0.60","198.64453125","445","∞","9.84375","20.179761904761904","89","∞"
"02_sopranoB","0.40","0.80","198.64453125","465","∞","9.84375","20.179761904761904","57","∞"
"02_sopranoB","0.40","1.00","198.64453125","460","∞","9.84375","20.179761904761904","70","∞"
"02_sopranoB","0.60","0.00","198.64453125","529","∞","3.234375","61.416666666666664","116","∞"
"02_sopranoB","0.60","0.20","198.64453125","925","∞","38.76953125","5.123727959697733","137","∞"
"02_sopranoB","0.60","0.40","198.64453125","562","∞","21.96484375","9.043748888493687","84","∞"
"02_sopranoB","0.60","0.60","198.64453125","477","∞","16.36328125","12.139651468130818","48","∞"
"02_sopranoB","0.60","0.80","198.64453125","559","∞","13.5625","14.646601382488479","64","∞"
"02_sopranoB","0.60","1.00","198.64453125","573","∞","13.5625","14.646601382488479","92","∞"
"02_sopranoB","0.80","0.00","198.64453125","462","∞","3.5","56.755580357142854","52","∞"
"02_sopranoB","0.80","0.20","198.64453125","14","∞","62.046875","3.201523545706371","65","∞"
"02_sopranoB","0.80","0.40","198.64453125","709","∞","32.203125","6.168486171761281","128","∞"
"02_sopranoB","0.80","0.60","198.64453125","521","∞","21.01171875","9.45398773006135","117","∞"
"02_sopranoB","0.80","0.80","198.64453125","445","∞","17.28125","11.494801084990959","55","∞"
"02_sopranoB","0.80","1.00","198.64453125","519","∞","17.28125","11.494801084990959","140","∞"
"02_sopranoB","1.00","0.00","198.64453125","495","∞","3.78125","52.53409090909091","129","∞"
"02_sopranoB","1.00","0.20","198.64453125","563","∞","90.90234375","2.185252030424133","152","∞"
"02_sopranoB","1.00","0.40","198.64453125","706","∞","44.30078125","4.483996120271581","170","∞"
"02_sopranoB","1.00","0.60","198.64453125","657","∞","30.3203125","6.55153311002319","85","∞"
"02_sopranoB","1.00","0.80","198.64453125","475","∞","21","9.459263392857142","68","∞"
"02_sopranoB","1.00","1.00","198.64453125","484","∞","21","9.459263392857142","52","∞"
"03_mezzosoprano","0.20","0.00","366.880859375","776","∞","4.845703125","75.71261588069326","176","∞"
"03_mezzosoprano","0.20","0.20","366.880859375","33","∞","17.037109375","21.534219878482173","137","∞"
"03_mezzosoprano","0.20","0.40","366.880859375","796","∞","13.451171875","27.275010890082765","165","∞"
"03_mezzosoprano","0.20","0.60","366.880859375","826","∞","11.658203125","31.46976042888256","120","∞"
"03_mezzosoprano","0.20","0.80","366.880859375","827","∞","11.658203125","31.46976042888256","121","∞"
"03_mezzosoprano","0.20","1.00","366.880859375","738","∞","11.658203125","31.46976042888256","104","∞"
"03_mezzosoprano","0.40","0.00","366.880859375","845","∞","5.142578125","71.34181541967338","114","∞"
"03_mezzosoprano","0.40","0.20","366.880859375","284","∞","40.228515625","9.119920376753896","126","∞"
"03_mezzosoprano","0.40","0.40","366.880859375","870","∞","25.931640625","14.148000301272878","98","∞"
"03_mezzosoprano","0.40","0.60","366.880859375","916","∞","18.783203125","19.53239055838619","123","∞"
"03_mezzosoprano","0.40","0.80","366.880859375","812","∞","18.783203125","19.53239055838619","125","∞"
"03_mezzosoprano","0.40","1.00","366.880859375","835","∞","18.783203125","19.53239055838619","131","∞"
"03_mezzosoprano","0.60","0.00","366.880859375","826","∞","5.439453125","67.44811490125673","132","∞"
"03_mezzosoprano","0.60","0.20","366.880859375","582","∞","74.056640625","4.954057546746842","116","∞"
"03_mezzosoprano","0.60","0.40","366.880859375","74","∞","41.947265625","8.74624016389626","98","∞"
"03_mezzosoprano","0.60","0.60","366.880859375","838","∞","31.244140625","11.74238919797462","97","∞"
"03_mezzosoprano","0.60","0.80","366.880859375","868","∞","25.892578125","14.169344497246737","106","∞"
"03_mezzosoprano","0.60","1.00","366.880859375","902","∞","25.892578125","14.169344497246737","158","∞"
"03_mezzosoprano","0.80","0.00","366.880859375","846","∞","5.736328125","63.957439564181136","110","∞"
"03_mezzosoprano","0.80","0.20","366.880859375","913","∞","118.611328125","3.0931350754993496","112","∞"
"03_mezzosoprano","0.80","0.40","366.880859375","146","∞","61.548828125","5.960809824516866","147","∞"
"03_mezzosoprano","0.80","0.60","366.880859375","4","∞","40.150390625","9.137666001848519","161","∞"
"03_mezzosoprano","0.80","0.80","366.880859375","829","∞","33.017578125","11.111682934043182","154","∞"
"03_mezzosoprano","0.80","1.00","366.880859375","896","∞","33.017578125","11.111682934043182","77","∞"
"03_mezzosoprano","1.00","0.00","366.880859375","882","∞","6.033203125","60.810294593719654","92","∞"
"03_mezzosoprano","1.00","0.20","366.880859375","64","∞","173.853515625","2.1102872614112544","162","∞"
"03_mezzosoprano","1.00","0.40","366.880859375","363","∞","84.712890625","4.330874046065524","117","∞"
"03_mezzosoprano","1.00","0.60","366.880859375","54","∞","57.970703125","6.328728816414541","120","∞"
"03_mezzosoprano","1.00","0.80","366.880859375","862","∞","40.142578125","9.139444363353281","78","∞"
"03_mezzosoprano","1.00","1.00","366.880859375","897","∞","40.142578125","9.139444363353281","152","∞"
"04_baritone","0.20","0.00","158.7734375","687","∞","1.701171875","93.33180252583237","126","∞"
"04_baritone","0.20","0.20","158.7734375","854","∞","4.748046875","33.43973673385438","99","∞"
"04_baritone","0.20","0.40","158.7734375","796","∞","3.748046875","42.36164669098489","59","∞"
"04_baritone","0.20","0.60","158.7734375","721","∞","3.248046875","48.882742032471434","147","∞"
"04_baritone","0.20","0.80","158.7734375","745","∞","3.248046875","48.882742032471434","102","∞"
"04_baritone","0.20","1.00","158.7734375","770","∞","3.248046875","48.882742032471434","65","∞"
"04_baritone","0.40","0.00","158.7734375","739","∞","2.107421875","75.34012974976831","128","∞"
"04_baritone","0.40","0.20","158.7734375","918","∞","11.091796875","14.314491988026061","104","∞"
"04_baritone","0.40","0.40","158.7734375","842","∞","7.154296875","22.192738192738194","91","∞"
"04_baritone","0.40","0.60","158.7734375","704","∞","5.185546875","30.618455743879473","127","∞"
"04_baritone","0.40","0.80","158.7734375","768","∞","5.185546875","30.618455743879473","95","∞"
"04_baritone","0.40","1.00","158.7734375","794","∞","5.185546875","30.618455743879473","46","∞"
"04_baritone","0.60","0.00","158.7734375","694","∞","2.498046875","63.55903049257232","151","∞"
"04_baritone","0.60","0.20","158.7734375","90","∞","20.341796875","7.80528084493519","46","∞"
"04_baritone","0.60","0.40","158.7734375","786","∞","11.529296875","13.771302727426733","78","∞"
"04_baritone","0.60","0.60","158.7734375","874","∞","8.591796875","18.479654466924302","87","∞"
"04_baritone","0.60","0.80","158.7734375","760","∞","7.123046875","22.290101453249246","71","∞"
"04_baritone","0.60","1.00","158.7734375","837","∞","7.123046875","22.290101453249246","119","∞"
"04_baritone","0.80","0.00","158.7734375","786","∞","2.904296875","54.668459986550104","50","∞"
"04_baritone","0.80","0.20","158.7734375","164","∞","32.498046875","4.8856301460424305","117","∞"
"04_baritone","0.80","0.40","158.7734375","912","∞","16.873046875","9.409885403403171","143","∞"
"04_baritone","0.80","0.60","158.7734375","722","∞","11.013671875","14.416031211207661","137","∞"
"04_baritone","0.80","0.80","158.7734375","723","∞","9.060546875","17.5236042250485","137","∞"
"04_baritone","0.80","1.00","158.7734375","845","∞","9.060546875","17.5236042250485","107","∞"
"04_baritone","1.00","0.00","158.7734375","711","∞","3.310546875","47.95988200589971","132","∞"
"04_baritone","1.00","0.20","158.7734375","619","∞","47.560546875","3.3383433945217855","111","∞"
"04_baritone","1.00","0.40","158.7734375","853","∞","23.185546875","6.847948782747873","77","∞"
"04_baritone","1.00","0.60","158.7734375","858","∞","15.873046875","10.00270702596284","118","∞"
"04_baritone","1.00","0.80","158.7734375","726","∞","10.998046875","14.43651216480199","154","∞"
"04_baritone","1.00","1.00","158.7734375","836","∞","10.998046875","14.43651216480199","140","∞"
"05_countertenorA","0.20","0.00","213.154296875","727","∞","2.244140625","94.98259355961706","90","∞"
"05_countertenorA","0.20","0.20","213.154296875","728","∞","4.830078125","44.130610594419736","104","∞"
"05_countertenorA","0.20","0.40","213.154296875","666","∞","3.814453125","55.880696364567335","97","∞"
"05_countertenorA","0.20","0.60","213.154296875","784","∞","3.306640625","64.46249261665682","145","∞"
"05_countertenorA","0.20","0.80","213.154296875","711","∞","3.306640625","64.46249261665682","131","∞"
"05_countertenorA","0.20","1.00","213.154296875","711","∞","3.306640625","64.46249261665682","156","∞"
"05_countertenorA","0.40","0.00","213.154296875","789","∞","3.150390625","67.65964042157471","133","∞"
"05_countertenorA","0.40","0.20","213.154296875","926","∞","11.314453125","18.839116174693597","62","∞"
"05_countertenorA","0.40","0.40","213.154296875","775","∞","7.298828125","29.203906877174205","101","∞"
"05_countertenorA","0.40","0.60","213.154296875","760","∞","5.291015625","40.28608342561831","61","∞"
"05_countertenorA","0.40","0.80","213.154296875","605","∞","5.291015625","40.28608342561831","119","∞"
"05_countertenorA","0.40","1.00","213.154296875","643","∞","5.291015625","40.28608342561831","77","∞"
"05_countertenorA","0.60","0.00","213.154296875","752","∞","4.056640625","52.544535387578236","93","∞"
"05_countertenorA","0.60","0.20","213.154296875","77","∞","20.775390625","10.259941712888972","95","∞"
"05_countertenorA","0.60","0.40","213.154296875","942","∞","11.775390625","18.101675236357604","110","∞"
"05_countertenorA","0.60","0.60","213.154296875","766","∞","8.775390625","24.290006677053192","95","∞"
"05_countertenorA","0.60","0.80","213.154296875","656","∞","7.275390625","29.29798657718121","87","∞"
"05_countertenorA","0.60","1.00","213.154296875","682","∞","7.275390625","29.29798657718121","148","∞"
"05_countertenorA","0.80","0.00","213.154296875","739","∞","4.962890625","42.94962613144431","83","∞"
"05_countertenorA","0.80","0.20","213.154296875","256","∞","33.212890625","6.417818288738606","107","∞"
"05_countertenorA","0.80","0.40","213.154296875","833","∞","17.244140625","12.360969532223354","139","∞"
"05_countertenorA","0.80","0.60","213.154296875","766","∞","11.255859375","18.937185493666494","63","∞"
"05_countertenorA","0.80","0.80","213.154296875","678","∞","9.259765625","23.019405188778737","72","∞"
"05_countertenorA","0.80","1.00","213.154296875","655","∞","9.259765625","23.019405188778737","107","∞"
"05_countertenorA","1.00","0.00","213.154296875","762","∞","5.869140625","36.31780366056572","99","∞"
"05_countertenorA","1.00","0.20","213.154296875","709","∞","48.626953125","4.3834598546009556","118","∞"
"05_countertenorA","1.00","0.40","213.154296875","896","∞","23.705078125","8.991925517014089","62","∞"
"05_countertenorA","1.00","0.60","213.154296875","872","∞","16.228515625","13.134552894451799","106","∞"
"05_countertenorA","1.00","0.80","213.154296875","624","∞","11.244140625","18.956922007990272","82","∞"
"05_countertenorA","1.00","1.00","213.154296875","647","∞","11.244140625","18.956922007990272","97","∞"
"06_countertenorB","0.20","0.00","208.36328125","583","∞","2.822265625","73.82837370242214","50","∞"
"06_countertenorB","0.20","0.20","208.36328125","693","∞","9.283203125","22.44519250999369","139","∞"
"06_countertenorB","0.20","0.40","208.36328125","562","∞","7.330078125","28.425792699173993","84","∞"
"06_countertenorB","0.20","0.60","208.36328125","522","∞","6.353515625","32.794958499846295","118","∞"
"06_countertenorB","0.20","0.80","208.36328125","556","∞","6.353515625","32.794958499846295","62","∞"
"06_countertenorB","0.20","1.00","208.36328125","568","∞","6.353515625","32.794958499846295","160","∞"
"06_countertenorB","0.40","0.00","208.36328125","552","∞","3.150390625","66.13887166769995","80","∞"
"06_countertenorB","0.40","0.20","208.36328125","802","∞","21.861328125","9.531135531135531","138","∞"
"06_countertenorB","0.40","0.40","208.36328125","682","∞","14.095703125","14.78204239988915","156","∞"
"06_countertenorB","0.40","0.60","208.36328125","776","∞","10.212890625","20.401988908013003","81","∞"
"06_countertenorB","0.40","0.80","208.36328125","561","∞","10.212890625","20.401988908013003","65","∞"
"06_countertenorB","0.40","1.00","208.36328125","530","∞","10.212890625","20.401988908013003","115","∞"
"06_countertenorB","0.60","0.00","208.36328125","645","∞","3.478515625","59.90005614823133","96","∞"
"06_countertenorB","0.60","0.20","208.36328125","17","∞","40.228515625","5.179492159052289","62","∞"
"06_countertenorB","0.60","0.40","208.36328125","648","∞","22.791015625","9.142342959979432","81","∞"
"06_countertenorB","0.60","0.60","208.36328125","646","∞","16.978515625","12.272173012768894","97","∞"
"06_countertenorB","0.60","0.80","208.36328125","636","∞","14.072265625","14.806662040249826","101","∞"
"06_countertenorB","0.60","1.00","208.36328125","550","∞","14.072265625","14.806662040249826","83","∞"
"06_countertenorB","0.80","0.00","208.36328125","545","∞","3.806640625","54.736788096459726","82","∞"
"06_countertenorB","0.80","0.20","208.36328125","201","∞","64.384765625","3.236220233581071","107","∞"
"06_countertenorB","0.80","0.40","208.36328125","703","∞","33.416015625","6.23543164416389","144","∞"
"06_countertenorB","0.80","0.60","208.36328125","698","∞","21.802734375","9.556749977604587","149","∞"
"06_countertenorB","0.80","0.80","208.36328125","540","∞","17.931640625","11.6198671168718","94","∞"
"06_countertenorB","0.80","1.00","208.36328125","547","∞","17.931640625","11.6198671168718","89","∞"
"06_countertenorB","1.00","0.00","208.36328125","614","∞","4.134765625","50.39300897496457","123","∞"
"06_countertenorB","1.00","0.20","208.36328125","767","∞","94.330078125","2.20887425720024","48","∞"
"06_countertenorB","1.00","0.40","208.36328125","817","∞","45.970703125","4.532523261248247","123","∞"
"06_countertenorB","1.00","0.60","208.36328125","730","∞","31.462890625","6.622509156372215","115","∞"
"06_countertenorB","1.00","0.80","208.36328125","674","∞","21.791015625","9.561889396791251","55","∞"
"06_countertenorB","1.00","1.00","208.36328125","587","∞","21.791015625","9.561889396791251","64","∞"
"07_bass","0.20","0.00","226.470703125","686","∞","2.515625","90.02562111801242","72","∞"
"07_bass","0.20","0.20","226.470703125","851","∞","6.828125","33.16733409610984","85","∞"
"07_bass","0.20","0.40","226.470703125","772","∞","5.390625","42.01195652173913","66","∞"
"07_bass","0.20","0.60","226.470703125","684","∞","4.671875","48.47533444816054","60","∞"
"07_bass","0.20","0.80","226.470703125","694","∞","4.671875","48.47533444816054","146","∞"
"07_bass","0.20","1.00","226.470703125","751","∞","4.671875","48.47533444816054","70","∞"
"07_bass","0.40","0.00","226.470703125","694","∞","3.1875","71.04963235294117","81","∞"
"07_bass","0.40","0.20","226.470703125","953","∞","16.015625","14.140609756097561","120","∞"
"07_bass","0.40","0.40","226.470703125","837","∞","10.328125","21.927571860816943","131","∞"
"07_bass","0.40","0.60","226.470703125","655","∞","7.484375","30.259133611691023","66","∞"
"07_bass","0.40","0.80","226.470703125","743","∞","7.484375","30.259133611691023","128","∞"
"07_bass","0.40","1.00","226.470703125","749","∞","7.484375","30.259133611691023","92","∞"
"07_bass","0.60","0.00","226.470703125","688","∞","3.859375","58.68066801619433","154","∞"
"07_bass","0.60","0.20","226.470703125","174","∞","29.421875","7.697357939458311","104","∞"
"07_bass","0.60","0.40","226.470703125","801","∞","16.671875","13.583997188378632","62","∞"
"07_bass","0.60","0.60","226.470703125","701","∞","12.421875","18.231603773584904","129","∞"
"07_bass","0.60","0.80","226.470703125","675","∞","10.296875","21.994119878603946","72","∞"
"07_bass","0.60","1.00","226.470703125","732","∞","10.296875","21.994119878603946","145","∞"
"07_bass","0.80","0.00","226.470703125","762","∞","4.53125","49.97974137931035","82","∞"
"07_bass","0.80","0.20","226.470703125","308","∞","47.046875","4.813724676187313","66","∞"
"07_bass","0.80","0.40","226.470703125","845","∞","24.421875","9.273272552783109","130","∞"
"07_bass","0.80","0.60","226.470703125","782","∞","15.9375","14.209926470588234","89","∞"
"07_bass","0.80","0.80","226.470703125","702","∞","13.109375","17.275476758045293","129","∞"
"07_bass","0.80","1.00","226.470703125","704","∞","13.109375","17.275476758045293","69","∞"
"07_bass","1.00","0.00","226.470703125","734","∞","5.203125","43.5259009009009","120","∞"
"07_bass","1.00","0.20","226.470703125","914","∞","68.96484375","3.283857264231096","130","∞"
"07_bass","1.00","0.40","226.470703125","980","∞","33.61328125","6.7375363160952935","96","∞"
"07_bass","1.00","0.60","226.470703125","823","∞","23.0078125","9.84320882852292","108","∞"
"07_bass","1.00","0.80","226.470703125","707","∞","15.9375","14.209926470588234","144","∞"
"07_bass","1.00","1.00","226.470703125","761","∞","15.9375","14.209926470588234","88","∞"
"08_male","0.20","0.00","105.009765625","651","∞","1.908203125","55.030706243602864","68","∞"
"08_male","0.20","0.20","105.009765625","732","∞","1.189453125","88.28407224958949","116","∞"
"08_male","0.20","0.40","105.009765625","664","∞","0.939453125","111.77754677754677","74","∞"
"08_male","0.20","0.60","105.009765625","672","∞","0.814453125","128.93285371702638","80","∞"
"08_male","0.20","0.80","105.009765625","608","∞","0.814453125","128.93285371702638","116","∞"
"08_male","0.20","1.00","105.009765625","645","∞","0.814453125","128.93285371702638","106","∞"
"08_male","0.40","0.00","105.009765625","691","∞","3.439453125","30.530948324815444","37","∞"
"08_male","0.40","0.20","105.009765625","746","∞","2.658203125","39.50404114621602","127","∞"
"08_male","0.40","0.40","105.009765625","667","∞","1.720703125","61.027241770715094","94","∞"
"08_male","0.40","0.60","105.009765625","646","∞","1.251953125","83.8767550702028","94","∞"
"08_male","0.40","0.80","105.009765625","671","∞","1.251953125","83.8767550702028","60","∞"
"08_male","0.40","1.00","105.009765625","617","∞","1.251953125","83.8767550702028","46","∞"
"08_male","0.60","0.00","105.009765625","626","∞","4.986328125","21.059537798668234","122","∞"
"08_male","0.60","0.20","105.009765625","867","∞","4.833984375","21.723232323232324","91","∞"
"08_male","0.60","0.40","105.009765625","755","∞","2.748046875","38.21250888415067","100","∞"
"08_male","0.60","0.60","105.009765625","637","∞","2.052734375","51.15604186489058","104","∞"
"08_male","0.60","0.80","105.009765625","587","∞","1.705078125","61.5864833906071","56","∞"
"08_male","0.60","1.00","105.009765625","669","∞","1.705078125","61.5864833906071","75","∞"
"08_male","0.80","0.00","105.009765625","700","∞","6.517578125","16.111777045250225","82","∞"
"08_male","0.80","0.20","105.009765625","891","∞","7.626953125","13.768245838668374","120","∞"
"08_male","0.80","0.40","105.009765625","690","∞","3.970703125","26.44613871126414","137","∞"
"08_male","0.80","0.60","105.009765625","654","∞","2.599609375","40.394440270473325","91","∞"
"08_male","0.80","0.80","105.009765625","620","∞","2.142578125","49.01093892433911","98","∞"
"08_male","0.80","1.00","105.009765625","627","∞","2.142578125","49.01093892433911","122","∞"
"08_male","1.00","0.00","105.009765625","688","∞","8.064453125","13.021312666505207","51","∞"
"08_male","1.00","0.20","105.009765625","32","∞","11.150390625","9.41758626729725","128","∞"
"08_male","1.00","0.40","105.009765625","724","∞","5.447265625","19.277518823951237","113","∞"
"08_male","1.00","0.60","105.009765625","665","∞","3.736328125","28.105070569785678","83","∞"
"08_male","1.00","0.80","105.009765625","697","∞","3.166015625","33.16779765576804","148","∞"
"08_male","1.00","1.00","105.009765625","602","∞","2.595703125","40.45522949586155","129","∞"
"09_cello","0.20","0.00","298.923828125","734","∞","2.146484375","139.26205641492265","125","∞"
"09_cello","0.20","0.20","298.923828125","905","∞","3.525390625","84.79168975069253","109","∞"
"09_cello","0.20","0.40","298.923828125","903","∞","2.783203125","107.40280701754386","154","∞"
"09_cello","0.20","0.60","298.923828125","753","∞","2.412109375","123.92631578947369","90","∞"
"09_cello","0.20","0.80","298.923828125","279","∞","2.412109375","123.92631578947369","64","∞"
"09_cello","0.20","1.00","298.923828125","754","∞","2.412109375","123.92631578947369","164","∞"
"09_cello","0.40","0.00","298.923828125","765","∞","3.302734375","90.50798344175044","168","∞"
"09_cello","0.40","0.20","298.923828125","119","∞","8.193359375","36.48367103694875","143","∞"
"09_cello","0.40","0.40","298.923828125","842","∞","5.287109375","56.538234207609904","160","∞"
"09_cello","0.40","0.60","298.923828125","701","∞","3.833984375","77.96688741721854","83","∞"
"09_cello","0.40","0.80","298.923828125","829","∞","3.833984375","77.96688741721854","90","∞"
"09_cello","0.40","1.00","298.923828125","780","∞","3.833984375","77.96688741721854","144","∞"
"09_cello","0.60","0.00","298.923828125","838","∞","4.474609375","66.80445220427761","87","∞"
"09_cello","0.60","0.20","298.923828125","235","∞","14.994140625","19.936042725022794","90","∞"
"09_cello","0.60","0.40","298.923828125","882","∞","8.501953125","35.159430277969214","156","∞"
"09_cello","0.60","0.60","298.923828125","816","∞","6.337890625","47.16456086286595","84","∞"
"09_cello","0.60","0.80","298.923828125","823","∞","5.255859375","56.8743961352657","56","∞"
"09_cello","0.60","1.00","298.923828125","672","∞","5.255859375","56.8743961352657","144","∞"
"09_cello","0.80","0.00","298.923828125","816","∞","5.630859375","53.08671522719389","110","∞"
"09_cello","0.80","0.20","298.923828125","690","∞","23.927734375","12.49277609991021","122","∞"
"09_cello","0.80","0.40","298.923828125","59","∞","12.427734375","24.05296243910105","72","∞"
"09_cello","0.80","0.60","298.923828125","862","∞","8.115234375","36.834897713598075","161","∞"
"09_cello","0.80","0.80","298.923828125","790","∞","6.677734375","44.76425855513308","119","∞"
"09_cello","0.80","1.00","298.923828125","728","∞","6.677734375","44.76425855513308","97","∞"
"09_cello","1.00","0.00","298.923828125","779","∞","6.802734375","43.94171691070916","130","∞"
"09_cello","1.00","0.20","298.923828125","988","∞","35.068359375","8.524032302979672","99","∞"
"09_cello","1.00","0.40","298.923828125","73","∞","17.099609375","17.481324957167335","82","∞"
"09_cello","1.00","0.60","298.923828125","905","∞","11.708984375","25.529441201000836","100","∞"
"09_cello","1.00","0.80","298.923828125","736","∞","8.115234375","36.834897713598075","133","∞"
"09_cello","1.00","1.00","298.923828125","698","∞","8.115234375","36.834897713598075","142","∞"
"10_saxophone","0.20","0.00","1708.162109375","523","∞","19.169921875","89.10636780438105","250","∞"
"10_saxophone","0.20","0.20","1708.162109375","760","∞","70.994140625","24.060606894274947","297","∞"
"10_saxophone","0.20","0.40","1708.162109375","499","∞","56.048828125","30.47632156671429","230","∞"
"10_saxophone","0.20","0.60","1708.162109375","994","∞","48.576171875","35.16460938442363","222","∞"
"10_saxophone","0.20","0.80","1708.162109375","78","∞","48.576171875","35.16460938442363","284","∞"
"10_saxophone","0.20","1.00","1708.162109375","49","∞","48.576171875","35.16460938442363","249","∞"
"10_saxophone","0.40","0.00","1708.162109375","682","∞","19.591796875","87.18761838301266","290","∞"
"10_saxophone","0.40","0.20","1708.162109375","472","∞","168.021484375","10.166331500575401","275","∞"
"10_saxophone","0.40","0.40","1708.162109375","70","∞","108.287109375","15.774380895694678","269","∞"
"10_saxophone","0.40","0.60","1708.162109375","420","∞","78.419921875","21.782247017508904","230","∞"
"10_saxophone","0.40","0.80","1708.162109375","396","∞","78.419921875","21.782247017508904","265","∞"
"10_saxophone","0.40","1.00","1708.162109375","481","∞","78.419921875","21.782247017508904","251","∞"
"10_saxophone","0.60","0.00","1708.162109375","740","∞","20.029296875","85.28317893710386","278","∞"
"10_saxophone","0.60","0.20","1708.162109375","224","∞","309.763671875","5.5144042522336205","252","∞"
"10_saxophone","0.60","0.40","1708.162109375","999","∞","175.419921875","9.737560541112286","301","∞"
"10_saxophone","0.60","0.60","1708.162109375","342","∞","130.638671875","13.075470569766921","228","∞"
"10_saxophone","0.60","0.80","1708.162109375","80","∞","108.248046875","15.780073254785918","322","∞"
"10_saxophone","0.60","1.00","1708.162109375","34","∞","108.248046875","15.780073254785918","236","∞"
"10_saxophone","0.80","0.00","1708.162109375","892","∞","20.451171875","83.52392321650272","239","∞"
"10_saxophone","0.80","0.20","1708.162109375","331","∞","496.310546875","3.441720350555466","275","∞"
"10_saxophone","0.80","0.40","1708.162109375","899","∞","257.498046875","6.633689575922148","298","∞"
"10_saxophone","0.80","0.60","1708.162109375","949","∞","167.943359375","10.17106074174003","251","∞"
"10_saxophone","0.80","0.80","1708.162109375","638","∞","138.091796875","12.369758001782102","231","∞"
"10_saxophone","0.80","1.00","1708.162109375","581","∞","138.091796875","12.369758001782102","291","∞"
"10_saxophone","1.00","0.00","1708.162109375","824","∞","20.888671875","81.7745675549322","236","∞"
"10_saxophone","1.00","0.20","1708.162109375","180","∞","727.623046875","2.347592090040613","262","∞"
"10_saxophone","1.00","0.40","1708.162109375","113","∞","354.498046875","4.818537434642954","301","∞"
"10_saxophone","1.00","0.60","1708.162109375","962","∞","242.560546875","7.042209177798713","249","∞"
"10_saxophone","1.00","0.80","1708.162109375","427","∞","167.935546875","10.17153390786551","291","∞"
"10_saxophone","1.00","1.00","1708.162109375","292","∞","167.935546875","10.17153390786551","309","∞"
"11_bassoon","0.20","0.00","121.623046875","533","∞","2.34765625","51.806156405990016","106","∞"
"11_bassoon","0.20","0.20","121.623046875","596","∞","1.19140625","102.08360655737705","115","∞"
"11_bassoon","0.20","0.40","121.623046875","524","∞","0.94140625","129.19294605809128","113","∞"
"11_bassoon","0.20","0.60","121.623046875","508","∞","0.81640625","148.97368421052633","131","∞"
"11_bassoon","0.20","0.80","121.623046875","634","∞","0.81640625","148.97368421052633","100","∞"
"11_bassoon","0.20","1.00","121.623046875","553","∞","0.81640625","148.97368421052633","91","∞"
"11_bassoon","0.40","0.00","121.623046875","504","∞","4.31640625","28.176923076923078","122","∞"
"11_bassoon","0.40","0.20","121.623046875","623","∞","2.69921875","45.05861070911722","118","∞"
"11_bassoon","0.40","0.40","121.623046875","606","∞","1.74609375","69.65436241610739","112","∞"
"11_bassoon","0.40","0.60","121.623046875","588","∞","1.26953125","95.80153846153846","50","∞"
"11_bassoon","0.40","0.80","121.623046875","514","∞","1.26953125","95.80153846153846","122","∞"
"11_bassoon","0.40","1.00","121.623046875","519","∞","1.26953125","95.80153846153846","133","∞"
"11_bassoon","0.60","0.00","121.623046875","624","∞","6.28515625","19.3508390304537","106","∞"
"11_bassoon","0.60","0.20","121.623046875","793","∞","4.8359375","25.14983844911147","51","∞"
"11_bassoon","0.60","0.40","121.623046875","570","∞","2.75","44.2265625","47","∞"
"11_bassoon","0.60","0.60","121.623046875","529","∞","2.0546875","59.19296577946768","130","∞"
"11_bassoon","0.60","0.80","121.623046875","566","∞","1.70703125","71.24828375286042","53","∞"
"11_bassoon","0.60","1.00","121.623046875","577","∞","1.70703125","71.24828375286042","37","∞"
"11_bassoon","0.80","0.00","121.623046875","539","∞","8.25390625","14.735210601041175","95","∞"
"11_bassoon","0.80","0.20","121.623046875","834","∞","7.69140625","15.812849162011172","123","∞"
"11_bassoon","0.80","0.40","121.623046875","616","∞","4.00390625","30.37609756097561","138","∞"
"11_bassoon","0.80","0.60","121.623046875","585","∞","2.62109375","46.40163934426229","142","∞"
"11_bassoon","0.80","0.80","121.623046875","520","∞","2.16015625","56.302893309222426","121","∞"
"11_bassoon","0.80","1.00","121.623046875","501","∞","2.16015625","56.302893309222426","136","∞"
"11_bassoon","1.00","0.00","121.623046875","571","∞","10.22265625","11.897401604891098","63","∞"
"11_bassoon","1.00","0.20","121.623046875","64","∞","11.2265625","10.833507306889352","83","∞"
"11_bassoon","1.00","0.40","121.623046875","606","∞","5.484375","22.17628205128205","145","∞"
"11_bassoon","1.00","0.60","121.623046875","593","∞","3.76171875","32.33177570093458","64","∞"
"11_bassoon","1.00","0.80","121.623046875","560","∞","2.61328125","46.54035874439462","47","∞"
"11_bassoon","1.00","1.00","121.623046875","502","∞","2.61328125","46.54035874439462","126","∞"
"12_doublebass","0.20","0.00","120.1484375","932","∞","4.947265625","24.285827082510856","142","∞"
"12_doublebass","0.20","0.20","120.1484375","136","∞","0.376953125","318.7357512953368","72","∞"
"12_doublebass","0.20","0.40","120.1484375","25","∞","0.298828125","402.06535947712416","79","∞"
"12_doublebass","0.20","0.60","120.1484375","88","∞","0.259765625","462.5263157894737","102","∞"
"12_doublebass","0.20","0.80","120.1484375","991","∞","0.259765625","462.5263157894737","159","∞"
"12_doublebass","0.20","1.00","120.1484375","930","∞","0.259765625","462.5263157894737","129","∞"
"12_doublebass","0.40","0.00","120.1484375","30","∞","9.744140625","12.330326718781318","46","∞"
"12_doublebass","0.40","0.20","120.1484375","71","∞","0.767578125","156.529262086514","117","∞"
"12_doublebass","0.40","0.40","120.1484375","977","∞","0.501953125","239.36186770428014","84","∞"
"12_doublebass","0.40","0.60","120.1484375","83","∞","0.369140625","325.48148148148147","127","∞"
"12_doublebass","0.40","0.80","120.1484375","44","∞","0.369140625","325.48148148148147","63","∞"
"12_doublebass","0.40","1.00","120.1484375","986","∞","0.369140625","325.48148148148147","70","∞"
"12_doublebass","0.60","0.00","120.1484375","7","∞","14.541015625","8.262726662189388","131","∞"
"12_doublebass","0.60","0.20","120.1484375","350","∞","1.322265625","90.86558345642541","57","∞"
"12_doublebass","0.60","0.40","120.1484375","195","∞","0.759765625","158.1388174807198","124","∞"
"12_doublebass","0.60","0.60","120.1484375","105","∞","0.572265625","209.95221843003412","88","∞"
"12_doublebass","0.60","0.80","120.1484375","960","∞","0.478515625","251.0857142857143","80","∞"
"12_doublebass","0.60","1.00","120.1484375","995","∞","0.478515625","251.0857142857143","77","∞"
"12_doublebass","0.80","0.00","120.1484375","43","∞","19.337890625","6.213109786890213","115","∞"
"12_doublebass","0.80","0.20","120.1484375","188","∞","2.041015625","58.86698564593301","90","∞"
"12_doublebass","0.80","0.40","120.1484375","980","∞","1.072265625","112.05100182149363","40","∞"
"12_doublebass","0.80","0.60","120.1484375","907","∞","0.708984375","169.46556473829202","131","∞"
"12_doublebass","0.80","0.80","120.1484375","125","∞","0.587890625","204.37209302325581","94","∞"
"12_doublebass","0.80","1.00","120.1484375","936","∞","0.587890625","204.37209302325581","46","∞"
"12_doublebass","1.00","0.00","120.1484375","175","∞","24.134765625","4.978230962207656","128","∞"
"12_doublebass","1.00","0.20","120.1484375","481","∞","2.923828125","41.092852371409485","71","∞"
"12_doublebass","1.00","0.40","120.1484375","64","∞","1.439453125","83.46811397557666","152","∞"
"12_doublebass","1.00","0.60","120.1484375","215","∞","0.994140625","120.8565815324165","60","∞"
"12_doublebass","1.00","0.80","120.1484375","11","∞","0.697265625","172.31372549019608","47","∞"
"12_doublebass","1.00","1.00","120.1484375","66","∞","0.697265625","172.31372549019608","82","∞"
"13_frenchhorn","0.20","0.00","750.90234375","77","∞","6.953125","107.99494382022472","177","∞"
"13_frenchhorn","0.20","0.20","750.90234375","306","∞","16.8515625","44.55980528511822","157","∞"
"13_frenchhorn","0.20","0.40","750.90234375","31","∞","13.3046875","56.43893129770992","119","∞"
"13_frenchhorn","0.20","0.60","750.90234375","12","∞","11.53125","65.1189024390244","98","∞"
"13_frenchhorn","0.20","0.80","750.90234375","968","∞","11.53125","65.1189024390244","198","∞"
"13_frenchhorn","0.20","1.00","750.90234375","12","∞","11.53125","65.1189024390244","134","∞"
"13_frenchhorn","0.40","0.00","750.90234375","130","∞","9.421875","79.69776119402985","111","∞"
"13_frenchhorn","0.40","0.20","750.90234375","908","∞","39.7890625","18.872079324563124","217","∞"
"13_frenchhorn","0.40","0.40","750.90234375","183","∞","25.6484375","29.276728601888518","152","∞"
"13_frenchhorn","0.40","0.60","750.90234375","984","∞","18.578125","40.418629100084104","173","∞"
"13_frenchhorn","0.40","0.80","750.90234375","84","∞","18.578125","40.418629100084104","181","∞"
"13_frenchhorn","0.40","1.00","750.90234375","56","∞","18.578125","40.418629100084104","123","∞"
"13_frenchhorn","0.60","0.00","750.90234375","93","∞","11.890625","63.150788436268066","166","∞"
"13_frenchhorn","0.60","0.20","750.90234375","556","∞","73.24609375","10.251773238760599","94","∞"
"13_frenchhorn","0.60","0.40","750.90234375","469","∞","41.48828125","18.099143206854347","180","∞"
"13_frenchhorn","0.60","0.60","750.90234375","242","∞","30.90234375","24.29920364050057","138","∞"
"13_frenchhorn","0.60","0.80","750.90234375","15","∞","25.609375","29.321384990848077","168","∞"
"13_frenchhorn","0.60","1.00","750.90234375","121","∞","25.609375","29.321384990848077","118","∞"
"13_frenchhorn","0.80","0.00","750.90234375","157","∞","14.359375","52.29352557127312","196","∞"
"13_frenchhorn","0.80","0.20","750.90234375","253","∞","117.3125","6.4008724027703785","165","∞"
"13_frenchhorn","0.80","0.40","750.90234375","664","∞","60.875","12.335151437371664","216","∞"
"13_frenchhorn","0.80","0.60","750.90234375","210","∞","39.7109375","18.90920716112532","115","∞"
"13_frenchhorn","0.80","0.80","750.90234375","152","∞","32.65625","22.99413875598086","108","∞"
"13_frenchhorn","0.80","1.00","750.90234375","215","∞","32.65625","22.99413875598086","148","∞"
"13_frenchhorn","1.00","0.00","750.90234375","263","∞","16.828125","44.621866295264624","213","∞"
"13_frenchhorn","1.00","0.20","750.90234375","626","∞","171.94921875","4.3670006133714985","121","∞"
"13_frenchhorn","1.00","0.40","750.90234375","1","∞","83.78515625","8.9622360016784","189","∞"
"13_frenchhorn","1.00","0.60","750.90234375","526","∞","57.3359375","13.096539038016079","176","∞"
"13_frenchhorn","1.00","0.80","750.90234375","139","∞","39.703125","18.9129279811098","128","∞"
"13_frenchhorn","1.00","1.00","750.90234375","353","∞","39.703125","18.9129279811098","151","∞"
"14_piano","0.20","0.00","407.759765625","885","∞","5.216796875","78.16286035192812","195","∞"
"14_piano","0.20","0.20","407.759765625","14","∞","18.447265625","22.10407623080995","166","∞"
"14_piano","0.20","0.40","407.759765625","942","∞","14.564453125","27.99691564972509","107","∞"
"14_piano","0.20","0.60","407.759765625","826","∞","12.623046875","32.302800557016866","152","∞"
"14_piano","0.20","0.80","407.759765625","796","∞","12.623046875","32.302800557016866","151","∞"
"14_piano","0.20","1.00","407.759765625","844","∞","12.623046875","32.302800557016866","150","∞"
"14_piano","0.40","0.00","407.759765625","907","∞","5.513671875","73.95430393198724","143","∞"
"14_piano","0.40","0.20","407.759765625","337","∞","43.568359375","9.359080109382704","144","∞"
"14_piano","0.40","0.40","407.759765625","65","∞","28.083984375","14.519298977675778","107","∞"
"14_piano","0.40","0.60","407.759765625","879","∞","20.341796875","20.04541526644263","103","∞"
"14_piano","0.40","0.80","407.759765625","962","∞","20.341796875","20.04541526644263","109","∞"
"14_piano","0.40","1.00","407.759765625","925","∞","20.341796875","20.04541526644263","135","∞"
"14_piano","0.60","0.00","407.759765625","834","∞","5.810546875","70.17579831932773","142","∞"
"14_piano","0.60","0.20","407.759765625","689","∞","80.216796875","5.083221737965961","130","∞"
"14_piano","0.60","0.40","407.759765625","181","∞","45.435546875","8.974465890039978","124","∞"
"14_piano","0.60","0.60","407.759765625","939","∞","33.841796875","12.048998672591908","135","∞"
"14_piano","0.60","0.80","407.759765625","988","∞","28.044921875","14.539522250853123","113","∞"
"14_piano","0.60","1.00","407.759765625","852","∞","28.044921875","14.539522250853123","101","∞"
"14_piano","0.80","0.00","407.759765625","854","∞","6.107421875","66.76463063639271","79","∞"
"14_piano","0.80","0.20","407.759765625","78","∞","128.482421875","3.1736618883298116","97","∞"
"14_piano","0.80","0.40","407.759765625","274","∞","66.669921875","6.116097846784825","102","∞"
"14_piano","0.80","0.60","407.759765625","992","∞","43.490234375","9.375892576458437","78","∞"
"14_piano","0.80","0.80","407.759765625","1","∞","35.763671875","11.401507290699579","153","∞"
"14_piano","0.80","1.00","407.759765625","922","∞","35.763671875","11.401507290699579","156","∞"
"14_piano","1.00","0.00","407.759765625","848","∞","6.404296875","63.66971637694419","139","∞"
"14_piano","1.00","0.20","407.759765625","343","∞","188.326171875","2.165178432531657","74","∞"
"14_piano","1.00","0.40","407.759765625","604","∞","91.763671875","4.443585977906903","157","∞"
"14_piano","1.00","0.60","407.759765625","128","∞","62.794921875","6.493514976206028","156","∞"
"14_piano","1.00","0.80","407.759765625","32","∞","43.482421875","9.377577145937206","120","∞"
"14_piano","1.00","1.00","407.759765625","961","∞","43.482421875","9.377577145937206","115","∞"
"15_trumpet","0.20","0.00","6081.974609375","777","∞","31.341796875","194.05315635321244","611","∞"
"15_trumpet","0.20","0.20","6081.974609375","478","∞","116.189453125","52.345324345677355","679","∞"
"15_trumpet","0.20","0.40","6081.974609375","870","∞","91.728515625","66.30407750452464","620","∞"
"15_trumpet","0.20","0.60","6081.974609375","993","∞","79.498046875","76.50470481291305","668","∞"
"15_trumpet","0.20","0.80","6081.974609375","559","∞","79.498046875","76.50470481291305","764","∞"
"15_trumpet","0.20","1.00","6081.974609375","65","∞","79.498046875","76.50470481291305","568","∞"
"15_trumpet","0.40","0.00","6081.974609375","806","∞","32.044921875","189.79527031145244","642","∞"
"15_trumpet","0.40","0.20","6081.974609375","295","∞","275.029296875","22.113915420942373","672","∞"
"15_trumpet","0.40","0.40","6081.974609375","617","∞","177.248046875","34.31335191898712","625","∞"
"15_trumpet","0.40","0.60","6081.974609375","640","∞","128.357421875","47.38311599385261","685","∞"
"15_trumpet","0.40","0.80","6081.974609375","298","∞","128.357421875","47.38311599385261","609","∞"
"15_trumpet","0.40","1.00","6081.974609375","569","∞","128.357421875","47.38311599385261","699","∞"
"15_trumpet","0.60","0.00","6081.974609375","441","∞","32.748046875","185.72022425001492","560","∞"
"15_trumpet","0.60","0.20","6081.974609375","902","∞","507.158203125","11.992263108235612","618","∞"
"15_trumpet","0.60","0.40","6081.974609375","343","∞","287.197265625","21.176993437383114","658","∞"
"15_trumpet","0.60","0.60","6081.974609375","31","∞","213.876953125","28.436792840509565","675","∞"
"15_trumpet","0.60","0.80","6081.974609375","249","∞","177.216796875","34.3194026560864","658","∞"
"15_trumpet","0.60","1.00","6081.974609375","267","∞","177.216796875","34.3194026560864","634","∞"
"15_trumpet","0.80","0.00","6081.974609375","520","∞","33.451171875","181.81648858527473","599","∞"
"15_trumpet","0.80","0.20","6081.974609375","510","∞","812.576171875","7.484805511021803","727","∞"
"15_trumpet","0.80","0.40","6081.974609375","426","∞","421.576171875","14.426751356284775","680","∞"
"15_trumpet","0.80","0.60","6081.974609375","771","∞","274.951171875","22.12019889895223","652","∞"
"15_trumpet","0.80","0.80","6081.974609375","648","∞","226.076171875","26.90232481792814","716","∞"
"15_trumpet","0.80","1.00","6081.974609375","351","∞","226.076171875","26.90232481792814","652","∞"
"15_trumpet","1.00","0.00","6081.974609375","988","∞","34.169921875","177.9920548728208","644","∞"
"15_trumpet","1.00","0.20","6081.974609375","912","∞","1191.357421875","5.105079716381819","734","∞"
"15_trumpet","1.00","0.40","6081.974609375","37","∞","580.419921875","10.478576596281652","694","∞"
"15_trumpet","1.00","0.60","6081.974609375","291","∞","397.138671875","15.314485946836502","661","∞"
"15_trumpet","1.00","0.80","6081.974609375","664","∞","274.951171875","22.12019889895223","700","∞"
"15_trumpet","1.00","1.00","6081.974609375","293","∞","274.951171875","22.12019889895223","855","∞"
"16_crash","0.20","0.00","140.619140625","683","∞","2.474609375","56.82478295185477","157","∞"
"16_crash","0.20","0.20","140.619140625","658","∞","7.498046875","18.754102630893463","87","∞"
"16_crash","0.20","0.40","140.619140625","635","∞","5.919921875","23.75354668426262","129","∞"
"16_crash","0.20","0.60","140.619140625","677","∞","5.130859375","27.406547392462887","73","∞"
"16_crash","0.20","0.80","140.619140625","581","∞","5.130859375","27.406547392462887","74","∞"
"16_crash","0.20","1.00","140.619140625","600","∞","5.130859375","27.406547392462887","56","∞"
"16_crash","0.40","0.00","140.619140625","663","∞","2.927734375","48.03002001334223","76","∞"
"16_crash","0.40","0.20","140.619140625","828","∞","17.599609375","7.9899012318277665","134","∞"
"16_crash","0.40","0.40","140.619140625","636","∞","11.349609375","12.389778007227672","73","∞"
"16_crash","0.40","0.60","140.619140625","586","∞","8.224609375","17.097364046544765","70","∞"
"16_crash","0.40","0.80","140.619140625","677","∞","8.224609375","17.097364046544765","56","∞"
"16_crash","0.40","1.00","140.619140625","683","∞","8.224609375","17.097364046544765","68","∞"
"16_crash","0.60","0.00","140.619140625","577","∞","3.380859375","41.592720970537265","88","∞"
"16_crash","0.60","0.20","140.619140625","870","∞","32.392578125","4.341091347603256","92","∞"
"16_crash","0.60","0.40","140.619140625","733","∞","18.353515625","7.661700542726402","102","∞"
"16_crash","0.60","0.60","140.619140625","605","∞","13.673828125","10.28381659762891","140","∞"
"16_crash","0.60","0.80","140.619140625","585","∞","11.333984375","12.40685852145442","47","∞"
"16_crash","0.60","1.00","140.619140625","630","∞","11.333984375","12.40685852145442","121","∞"
"16_crash","0.80","0.00","140.619140625","675","∞","3.833984375","36.67702496179317","54","∞"
"16_crash","0.80","0.20","140.619140625","1","∞","51.787109375","2.715330944748256","85","∞"
"16_crash","0.80","0.40","140.619140625","759","∞","26.880859375","5.231199593111967","86","∞"
"16_crash","0.80","0.60","140.619140625","682","∞","17.541015625","8.016590580113574","86","∞"
"16_crash","0.80","0.80","140.619140625","599","∞","14.427734375","9.746446459997292","140","∞"
"16_crash","0.80","1.00","140.619140625","590","∞","14.427734375","9.746446459997292","135","∞"
"16_crash","1.00","0.00","140.619140625","666","∞","4.287109375","32.8004555808656","59","∞"
"16_crash","1.00","0.20","140.619140625","453","∞","75.896484375","1.8527754188218946","45","∞"
"16_crash","1.00","0.40","140.619140625","753","∞","36.990234375","3.80152067162997","103","∞"
"16_crash","1.00","0.60","140.619140625","711","∞","25.318359375","5.5540384170330945","132","∞"
"16_crash","1.00","0.80","140.619140625","692","∞","17.537109375","8.018376211159373","142","∞"
"16_crash","1.00","1.00","140.619140625","604","∞","17.537109375","8.018376211159373","137","∞"
