"Sample","Original size (KB)","Compressed size (KB)","q","qxy","Rate","MOS-LQO speech","MOS-LQO audio","MSE","AVG Absolute Error"
"01_sopranoA","223.796875","3.810546875","0.20","0.00","58.73090722706304","3.60355","3.71788","0.019048911639195587","0.00012144502706003092"
"01_sopranoA","223.796875","13.583984375","0.20","0.20","16.475053918044573","3.19167","3.91378","0.0007773236003000633","6.78261971013588E-05"
"01_sopranoA","223.796875","10.724609375","0.20","0.40","20.867601529775996","2.46115","3.32888","0.005780050670494353","0.0001420435510566154"
"01_sopranoA","223.796875","9.294921875","0.20","0.60","24.07732716957344","2.42519","2.5118","0.019230929295240846","0.00018884211533513691"
"01_sopranoA","223.796875","9.294921875","0.20","0.80","24.07732716957344","2.42519","2.5118","0.019230929295240846","0.00018884211533513691"
"01_sopranoA","223.796875","9.294921875","0.20","1.00","24.07732716957344","2.42519","2.5118","0.019230929295240846","0.00018884211533513691"
"01_sopranoA","223.796875","3.998046875","0.40","0.00","55.97655105031754","4.16632","4.22027","0.019941179157355948","0.00012022916493310856"
"01_sopranoA","223.796875","32.013671875","0.40","0.20","6.9906656091757675","3.11033","3.92656","0.0006087030837136557","6.335333806159365E-05"
"01_sopranoA","223.796875","20.638671875","0.40","0.40","10.84356960348254","2.43511","3.69912","0.005682924729684806","0.00012508267873480536"
"01_sopranoA","223.796875","14.951171875","0.40","0.60","14.9685173089484","2.42555","2.50868","0.019176954832842277","0.0001885561739078344"
"01_sopranoA","223.796875","14.951171875","0.40","0.80","14.9685173089484","2.42555","2.50868","0.019176954832842277","0.0001885561739078344"
"01_sopranoA","223.796875","14.951171875","0.40","1.00","14.9685173089484","2.42555","2.50868","0.019176954832842277","0.0001885561739078344"
"01_sopranoA","223.796875","4.169921875","0.60","0.00","53.669320843091334","4.17126","4.28815","0.02023422159223087","0.00011979080666599087"
"01_sopranoA","223.796875","58.978515625","0.60","0.20","3.794549127396761","3.27945","3.99377","0.00031309796323557916","5.317222936183565E-05"
"01_sopranoA","223.796875","33.408203125","0.60","0.40","6.6988599824612685","3.18135","3.92719","0.0007999080971258306","6.97815576278415E-05"
"01_sopranoA","223.796875","24.884765625","0.60","0.60","8.993328624126834","2.45551","3.31482","0.005669430244880021","0.00014298570502802334"
"01_sopranoA","223.796875","20.623046875","0.60","0.80","10.851785206932474","2.42346","2.50515","0.019124590068407027","0.00019013344160494363"
"01_sopranoA","223.796875","20.623046875","0.60","1.00","10.851785206932474","2.42346","2.50515","0.019124590068407027","0.00019013344160494363"
"01_sopranoA","223.796875","4.357421875","0.80","0.00","51.35992828328104","4.17137","4.2975","0.020253120159422447","0.00011979073853291922"
"01_sopranoA","223.796875","94.388671875","0.80","0.20","2.371014132886378","4.04393","4.01855","0.0002857923287475599","4.696683124792368E-05"
"01_sopranoA","223.796875","48.982421875","0.80","0.40","4.568922205829579","3.1994","3.87204","0.000631374783644474","7.162894334727348E-05"
"01_sopranoA","223.796875","31.955078125","0.80","0.60","7.003483894627467","2.45164","3.31891","0.005712859288689631","0.0001447081009412283"
"01_sopranoA","223.796875","26.279296875","0.80","0.80","8.516090672612412","2.41877","2.50781","0.01916998955183106","0.00019221461928405092"
"01_sopranoA","223.796875","26.279296875","0.80","1.00","8.516090672612412","2.41877","2.50781","0.01916998955183106","0.00019221461928405092"
"01_sopranoA","223.796875","4.544921875","1.00","0.00","49.241082939406965","4.1726","4.29638","0.020267209509592383","0.00012009097306592399"
"01_sopranoA","223.796875","138.357421875","1.00","0.20","1.6175270684227614","3.99347","4.03644","0.007595386261587924","0.0003739142660141032"
"01_sopranoA","223.796875","67.419921875","1.00","0.40","3.3194472609287637","2.93972","3.82326","0.00800068465494349","0.00038811026883294424"
"01_sopranoA","223.796875","46.138671875","1.00","0.60","4.850527028743174","2.41708","3.70349","0.01052358137592047","0.0004094088210933323"
"01_sopranoA","223.796875","31.951171875","1.00","0.80","7.004340118589155","2.40926","2.5048","0.012525944102855598","0.00039076689433970447"
"01_sopranoA","223.796875","31.951171875","1.00","1.00","7.004340118589155","2.40926","2.5048","0.012525944102855598","0.00039076689433970447"
"02_sopranoB","198.091796875","2.6875","0.20","0.00","73.70857558139535","3.45888","3.32482","0.027208854880257483","0.00015259546905279327"
"02_sopranoB","198.091796875","8.94921875","0.20","0.20","22.135093845482324","2.0315","2.30191","0.006377858351780423","0.00015614027524843394"
"02_sopranoB","198.091796875","7.06640625","0.20","0.40","28.03289110005528","1.86294","1.78799","0.029384885990325182","0.0002703645842691376"
"02_sopranoB","198.091796875","6.125","0.20","0.60","32.341517857142854","1.86713","2.12152","0.05091551060907406","0.0002600263636313771"
"02_sopranoB","198.091796875","6.125","0.20","0.80","32.341517857142854","1.86713","2.12152","0.05091551060907406","0.0002600263636313771"
"02_sopranoB","198.091796875","6.125","0.20","1.00","32.341517857142854","1.86713","2.12152","0.05091551060907406","0.0002600263636313771"
"02_sopranoB","198.091796875","2.953125","0.40","0.00","67.07870370370371","3.75284","3.55518","0.027552761494519698","0.0001513850446699803"
"02_sopranoB","198.091796875","21.0703125","0.40","0.20","9.401464590285503","2.35113","3.41976","0.004867487020442814","0.00011512231301688826"
"02_sopranoB","198.091796875","13.5859375","0.40","0.40","14.580649798734905","1.99379","2.16674","0.008187692593383786","0.00016329645636750878"
"02_sopranoB","198.091796875","9.84375","0.40","0.60","20.12361111111111","1.87026","2.11314","0.050945525781199236","0.0002618438827595092"
"02_sopranoB","198.091796875","9.84375","0.40","0.80","20.12361111111111","1.87026","2.11314","0.050945525781199236","0.0002618438827595092"
"02_sopranoB","198.091796875","9.84375","0.40","1.00","20.12361111111111","1.87026","2.11314","0.050945525781199236","0.0002618438827595092"
"02_sopranoB","198.091796875","3.234375","0.60","0.00","61.2457729468599","3.75575","3.54984","0.02744503444027039","0.00015133981707781354"
"02_sopranoB","198.091796875","38.76953125","0.60","0.20","5.109471032745592","2.53707","3.60705","0.0038739145995822597","0.00011255556969459966"
"02_sopranoB","198.091796875","21.96484375","0.60","0.40","9.01858438555931","2.02766","2.28882","0.006480523872523272","0.00015946610667466417"
"02_sopranoB","198.091796875","16.36328125","0.60","0.60","12.105872523275245","1.86312","1.78561","0.029398541295999926","0.00027354113399327094"
"02_sopranoB","198.091796875","13.5625","0.60","0.80","14.605846774193548","1.87064","2.11342","0.05140782329235637","0.0002641708516283327"
"02_sopranoB","198.091796875","13.5625","0.60","1.00","14.605846774193548","1.87064","2.11342","0.05140782329235637","0.0002641708516283327"
"02_sopranoB","198.091796875","3.5","0.80","0.00","56.59765625","3.75482","3.59296","0.027484684238666717","0.0001511727753570022"
"02_sopranoB","198.091796875","62.046875","0.80","0.20","3.1926152102744902","3.34282","3.76572","0.0017907054254022406","8.99319473931873E-05"
"02_sopranoB","198.091796875","32.203125","0.80","0.40","6.151322173702086","2.06628","3.39438","0.006579088040354446","0.00013445439325993685"
"02_sopranoB","198.091796875","21.01171875","0.80","0.60","9.427681725227737","1.86161","1.78332","0.02933114375206149","0.00027480519830012814"
"02_sopranoB","198.091796875","17.28125","0.80","0.80","11.462816455696203","1.86917","2.11374","0.051006257989930054","0.0002650258154718674"
"02_sopranoB","198.091796875","17.28125","0.80","1.00","11.462816455696203","1.86917","2.11374","0.051006257989930054","0.0002650258154718674"
"02_sopranoB","198.091796875","3.78125","1.00","0.00","52.387913223140494","3.75714","3.59671","0.027461967004043582","0.00015135376134273458"
"02_sopranoB","198.091796875","90.90234375","1.00","0.20","2.1791715010098405","2.82585","3.72137","0.01473292262906333","0.0005854530761141309"
"02_sopranoB","198.091796875","44.30078125","1.00","0.40","4.4715192663786265","2.02976","3.37204","0.01923210783297922","0.000681347265506126"
"02_sopranoB","198.091796875","30.3203125","1.00","0.60","6.533303272352486","1.93709","2.188","0.021562922686740902","0.0007080280943092233"
"02_sopranoB","198.091796875","21","1.00","0.80","9.432942708333334","1.86118","2.14074","0.028784619518735892","0.0006779233814330833"
"02_sopranoB","198.091796875","21","1.00","1.00","9.432942708333334","1.86118","2.14074","0.028784619518735892","0.0006779233814330833"
"03_mezzosoprano","366.546875","4.845703125","0.20","0.00","75.64369205965336","2.63147","3.00269","0.04784309453905946","0.00017679321314376779"
"03_mezzosoprano","366.546875","17.037109375","0.20","0.20","21.514616531009974","2.23552","2.63885","0.009323185628791508","0.000149024242910514"
"03_mezzosoprano","366.546875","13.451171875","0.20","0.40","27.250181501379412","1.77122","2.37327","0.010999845649062263","0.00018378651610487638"
"03_mezzosoprano","366.546875","11.658203125","0.20","0.60","31.44111241413972","1.76107","2.33347","0.012751615161367275","0.00019203666274608718"
"03_mezzosoprano","366.546875","11.658203125","0.20","0.80","31.44111241413972","1.76107","2.33347","0.012751615161367275","0.00019203666274608718"
"03_mezzosoprano","366.546875","11.658203125","0.20","1.00","31.44111241413972","1.76107","2.33347","0.012751615161367275","0.00019203666274608718"
"03_mezzosoprano","366.546875","5.142578125","0.40","0.00","71.27687048993543","2.64215","3.07463","0.04689788526810945","0.00017561391694248621"
"03_mezzosoprano","366.546875","40.228515625","0.40","0.20","9.11161819682478","2.82532","3.09848","0.004455138311731296","0.00010990335597588115"
"03_mezzosoprano","366.546875","25.931640625","0.40","0.40","14.13512088574226","2.12327","2.65007","0.008953024769508577","0.00015003091504755235"
"03_mezzosoprano","366.546875","18.783203125","0.40","0.60","19.51460954559634","1.76754","2.33041","0.012931151985234394","0.00019314423364050703"
"03_mezzosoprano","366.546875","18.783203125","0.40","0.80","19.51460954559634","1.76754","2.33041","0.012931151985234394","0.00019314423364050703"
"03_mezzosoprano","366.546875","18.783203125","0.40","1.00","19.51460954559634","1.76754","2.33041","0.012931151985234394","0.00019314423364050703"
"03_mezzosoprano","366.546875","5.439453125","0.60","0.00","67.3867145421903","2.6427","3.14916","0.04707438654900467","0.00017577423787413273"
"03_mezzosoprano","366.546875","74.056640625","0.60","0.20","4.949547696283989","3.36246","3.18669","0.002908714962633052","8.809204990821967E-05"
"03_mezzosoprano","366.546875","41.947265625","0.60","0.40","8.73827815802952","2.2338","2.58673","0.009657325858912673","0.00015233107889989702"
"03_mezzosoprano","366.546875","31.244140625","0.60","0.60","11.731699693692567","1.7732","2.36274","0.011315266530474375","0.0001859655163295041"
"03_mezzosoprano","366.546875","25.892578125","0.60","0.80","14.156445651354002","1.76607","2.33243","0.012984768900798591","0.00019365303435326783"
"03_mezzosoprano","366.546875","25.892578125","0.60","1.00","14.156445651354002","1.76607","2.33243","0.012984768900798591","0.00019365303435326783"
"03_mezzosoprano","366.546875","5.736328125","0.80","0.00","63.899216887980934","2.64308","3.14346","0.04707440145958426","0.00017575261446747684"
"03_mezzosoprano","366.546875","118.611328125","0.80","0.20","3.0903192873256597","3.30677","3.26602","0.0025935922511049667","7.765841691746386E-05"
"03_mezzosoprano","366.546875","61.548828125","0.80","0.40","5.955383492526893","2.33286","2.59422","0.00911897165291094","0.0001481177550185476"
"03_mezzosoprano","366.546875","40.150390625","0.80","0.60","9.129347667461206","1.77506","2.36308","0.011311343148310912","0.00018626329618245846"
"03_mezzosoprano","366.546875","33.017578125","0.80","0.80","11.10156758355516","1.76707","2.33383","0.012957799517735886","0.00019380582617687"
"03_mezzosoprano","366.546875","33.017578125","0.80","1.00","11.10156758355516","1.76707","2.33383","0.012957799517735886","0.00019380582617687"
"03_mezzosoprano","366.546875","6.033203125","1.00","0.00","60.75493687277436","2.64311","3.13436","0.04715774715186677","0.00017596166323930877"
"03_mezzosoprano","366.546875","173.853515625","1.00","0.20","2.1083661937020435","3.44618","3.26724","0.007362676064554397","0.0002585154234225625"
"03_mezzosoprano","366.546875","84.712890625","1.00","0.40","4.326931501164319","2.55973","2.98363","0.009515786576112224","0.00027595223391338507"
"03_mezzosoprano","366.546875","57.970703125","1.00","0.60","6.322967555001516","2.11992","2.61749","0.011334781691020326","0.0002966906667987516"
"03_mezzosoprano","366.546875","40.142578125","1.00","0.80","9.131124410061792","1.76551","2.33576","0.012347389219239268","0.0003046701458687577"
"03_mezzosoprano","366.546875","40.142578125","1.00","1.00","9.131124410061792","1.76551","2.33576","0.012347389219239268","0.0003046701458687577"
"04_baritone","158.439453125","1.701171875","0.20","0.00","93.13547646383468","2.76749","1.98868","0.03539640810326672","0.00029774739476542516"
"04_baritone","158.439453125","4.748046875","0.20","0.20","33.36939531057178","1.82858","2.18907","0.047935074861274386","0.0004151041854693788"
"04_baritone","158.439453125","3.748046875","0.20","0.40","42.2725377800938","1.66106","2.16149","0.08373617426183308","0.0006732483760389242"
"04_baritone","158.439453125","3.248046875","0.20","0.60","48.779915814792545","1.59979","2.28927","0.11088685319996786","0.0009556603087486864"
"04_baritone","158.439453125","3.248046875","0.20","0.80","48.779915814792545","1.59979","2.28927","0.11088685319996786","0.0009556603087486864"
"04_baritone","158.439453125","3.248046875","0.20","1.00","48.779915814792545","1.59979","2.28927","0.11088685319996786","0.0009556603087486864"
"04_baritone","158.439453125","2.107421875","0.40","0.00","75.18164967562558","3.94338","2.8005","0.032896241098071356","0.0002866591601655958"
"04_baritone","158.439453125","11.091796875","0.40","0.20","14.284381053002289","1.99638","2.27858","0.026219736009596248","0.00038828975902359386"
"04_baritone","158.439453125","7.154296875","0.40","0.40","22.146055146055147","1.67375","2.14649","0.0685117198766077","0.0004931763654066701"
"04_baritone","158.439453125","5.185546875","0.40","0.60","30.554048964218456","1.59667","2.2895","0.11048827056330361","0.0009542542597642353"
"04_baritone","158.439453125","5.185546875","0.40","0.80","30.554048964218456","1.59667","2.2895","0.11048827056330361","0.0009542542597642353"
"04_baritone","158.439453125","5.185546875","0.40","1.00","30.554048964218456","1.59667","2.2895","0.11048827056330361","0.0009542542597642353"
"04_baritone","158.439453125","2.498046875","0.60","0.00","63.425332290852225","3.96585","2.78859","0.03331317281633647","0.0002871484033759337"
"04_baritone","158.439453125","20.341796875","0.60","0.20","7.788862217954873","2.04012","2.68921","0.01268932126946511","0.00029134958389736426"
"04_baritone","158.439453125","11.529296875","0.60","0.40","13.742334406234118","1.8337","2.18294","0.0453570934833931","0.0004100434783916063"
"04_baritone","158.439453125","8.591796875","0.60","0.60","18.44078199590816","1.65657","2.16279","0.08171505197712313","0.0006544684650025398"
"04_baritone","158.439453125","7.123046875","0.60","0.80","22.24321360021936","1.59734","2.28903","0.1085574571163315","0.0009412442283506582"
"04_baritone","158.439453125","7.123046875","0.60","1.00","22.24321360021936","1.59734","2.28903","0.1085574571163315","0.0009412442283506582"
"04_baritone","158.439453125","2.904296875","0.80","0.00","54.55346334902488","3.96567","2.83921","0.033341339012178305","0.0002871089452423695"
"04_baritone","158.439453125","32.498046875","0.80","0.20","4.875353086122964","2.45448","2.45314","0.006271688746157648","0.00024129270798030396"
"04_baritone","158.439453125","16.873046875","0.80","0.40","9.390091445769187","1.85749","2.46817","0.03081520576959653","0.00036888626183649847"
"04_baritone","158.439453125","11.013671875","0.80","0.60","14.38570668558255","1.65509","2.16374","0.07673565776796648","0.0005104107162445969"
"04_baritone","158.439453125","9.060546875","0.80","0.80","17.486742832507005","1.59676","2.27478","0.08471207177677527","0.000566004907418739"
"04_baritone","158.439453125","9.060546875","0.80","1.00","17.486742832507005","1.59676","2.27478","0.08471207177677527","0.000566004907418739"
"04_baritone","158.439453125","3.310546875","1.00","0.00","47.858997050147494","3.96579","2.84189","0.03335078250621056","0.00028712790674010377"
"04_baritone","158.439453125","47.560546875","1.00","0.20","3.3313210956428896","2.29167","2.71433","0.03323022964728846","0.0009528055374991697"
"04_baritone","158.439453125","23.185546875","1.00","0.40","6.833543930587145","1.82603","2.39677","0.06086603442521258","0.0011495275942600127"
"04_baritone","158.439453125","15.873046875","1.00","0.60","9.981666051433493","1.65325","2.15635","0.08797442475227116","0.0012075976800199522"
"04_baritone","158.439453125","10.998046875","1.00","0.80","14.406144556917067","1.5971","2.3134","0.1091972873191025","0.0011782703350304488"
"04_baritone","158.439453125","10.998046875","1.00","1.00","14.406144556917067","1.5971","2.3134","0.1091972873191025","0.0011782703350304488"
"05_countertenorA","212.814453125","2.244140625","0.20","0.00","94.83115752828546","3.75822","4.23539","0.015378857531748046","0.00011039659633433935"
"05_countertenorA","212.814453125","4.830078125","0.20","0.20","44.06025070764254","1.68691","1.6758","0.10123239890171092","0.0004681174374214149"
"05_countertenorA","212.814453125","3.814453125","0.20","0.40","55.791602662570405","1.57446","1.76153","0.13437409537310568","0.0005832632799910702"
"05_countertenorA","212.814453125","3.306640625","0.20","0.60","64.35971647962197","1.58025","1.72552","0.1418500525080246","0.0006246358539713238"
"05_countertenorA","212.814453125","3.306640625","0.20","0.80","64.35971647962197","1.58025","1.72552","0.1418500525080246","0.0006246358539713238"
"05_countertenorA","212.814453125","3.306640625","0.20","1.00","64.35971647962197","1.58025","1.72552","0.1418500525080246","0.0006246358539713238"
"05_countertenorA","212.814453125","3.150390625","0.40","0.00","67.55176689398635","3.75863","4.2419","0.015391513634065775","0.00011057301154616203"
"05_countertenorA","212.814453125","11.314453125","0.40","0.20","18.809079924046262","1.92519","2.27473","0.06848283750795728","0.0002575450713479689"
"05_countertenorA","212.814453125","7.298828125","0.40","0.40","29.15734546427616","1.55177","1.83518","0.12534781841328488","0.0006224087453038405"
"05_countertenorA","212.814453125","5.291015625","0.40","0.60","40.2218530823182","1.57105","1.72496","0.14159270771455262","0.0006227702867530795"
"05_countertenorA","212.814453125","5.291015625","0.40","0.80","40.2218530823182","1.57105","1.72496","0.14159270771455262","0.0006227702867530795"
"05_countertenorA","212.814453125","5.291015625","0.40","1.00","40.2218530823182","1.57105","1.72496","0.14159270771455262","0.0006227702867530795"
"05_countertenorA","212.814453125","4.056640625","0.60","0.00","52.4607607125662","3.75855","4.23733","0.015401135380848151","0.00011044388312615344"
"05_countertenorA","212.814453125","20.775390625","0.60","0.20","10.2435837172135","2.76138","3.37022","0.002627779304797596","0.00010311737730120304"
"05_countertenorA","212.814453125","11.775390625","0.60","0.40","18.072814728810748","1.67874","1.69053","0.10127772319724078","0.0004650008774323986"
"05_countertenorA","212.814453125","8.775390625","0.60","0.60","24.25127976852882","1.56341","1.776","0.13427972725296758","0.0005831632082472825"
"05_countertenorA","212.814453125","7.275390625","0.60","0.80","29.251275167785234","1.57372","1.72476","0.1411779584784104","0.0006200208899284638"
"05_countertenorA","212.814453125","7.275390625","0.60","1.00","29.251275167785234","1.57372","1.72476","0.1411779584784104","0.0006200208899284638"
"05_countertenorA","212.814453125","4.962890625","0.80","0.00","42.88114915387643","3.75713","4.09552","0.015445887650604005","0.000114461659134687"
"05_countertenorA","212.814453125","33.212890625","0.80","0.20","6.407586004116436","3.40656","4.29706","0.000994518787308215","6.741753013634903E-05"
"05_countertenorA","212.814453125","17.244140625","0.80","0.40","12.341261751047684","1.84757","1.82662","0.09064574881340838","0.0003927874498145494"
"05_countertenorA","212.814453125","11.255859375","0.80","0.60","18.906992885649835","1.57806","1.75108","0.1339714893705554","0.0005803260238803355"
"05_countertenorA","212.814453125","9.259765625","0.80","0.80","22.982704070871126","1.58913","1.68949","0.1406385765643445","0.0006166378899363277"
"05_countertenorA","212.814453125","9.259765625","0.80","1.00","22.982704070871126","1.58913","1.68949","0.1406385765643445","0.0006166378899363277"
"05_countertenorA","212.814453125","5.869140625","1.00","0.00","36.25990016638935","3.7825","2.54276","0.01066534940311411","0.0001368519919355626"
"05_countertenorA","212.814453125","48.626953125","1.00","0.20","4.376471060770374","3.46675","4.28214","0.02900411188347801","0.0007863628225005376"
"05_countertenorA","212.814453125","23.705078125","1.00","0.40","8.977589190079922","1.86686","1.85796","0.10651599760056697","0.0008932999489700231"
"05_countertenorA","212.814453125","16.228515625","1.00","0.60","13.113611746299194","1.55958","1.72695","0.1445787920243379","0.0009560766440582168"
"05_countertenorA","212.814453125","11.244140625","1.00","0.80","18.92669793295119","1.58452","1.7329","0.1495920719900793","0.000935583192431001"
"05_countertenorA","212.814453125","11.244140625","1.00","1.00","18.92669793295119","1.58452","1.7329","0.1495920719900793","0.000935583192431001"
"06_countertenorB","208.0234375","2.822265625","0.20","0.00","73.70795847750865","4.25012","4.59161","0.005806190504749142","7.099596976564084E-05"
"06_countertenorB","208.0234375","9.283203125","0.20","0.20","22.408584052177574","3.17764","4.17754","0.0016122916712874129","6.309185907961448E-05"
"06_countertenorB","208.0234375","7.330078125","0.20","0.40","28.37942978950173","1.69702","1.64311","0.06332451291992944","0.0003299001982814972"
"06_countertenorB","208.0234375","6.353515625","0.20","0.60","32.741469412849675","1.60512","1.67378","0.09126531874147767","0.0005032481903480838"
"06_countertenorB","208.0234375","6.353515625","0.20","0.80","32.741469412849675","1.60512","1.67378","0.09126531874147767","0.0005032481903480838"
"06_countertenorB","208.0234375","6.353515625","0.20","1.00","32.741469412849675","1.60512","1.67378","0.09126531874147767","0.0005032481903480838"
"06_countertenorB","208.0234375","3.150390625","0.40","0.00","66.03099814011159","4.25004","4.59306","0.005825747034398735","7.102346711403788E-05"
"06_countertenorB","208.0234375","21.861328125","0.40","0.20","9.515590100955954","3.54966","4.54877","0.0009882623595776692","4.61376558658353E-05"
"06_countertenorB","208.0234375","14.095703125","0.40","0.40","14.757932658999584","1.84508","2.03556","0.04867543514626534","0.00038106748777057595"
"06_countertenorB","208.0234375","10.212890625","0.40","0.60","20.3687129470262","1.60723","1.67275","0.09124841751882777","0.0004993348078591373"
"06_countertenorB","208.0234375","10.212890625","0.40","0.80","20.3687129470262","1.60723","1.67275","0.09124841751882777","0.0004993348078591373"
"06_countertenorB","208.0234375","10.212890625","0.40","1.00","20.3687129470262","1.60723","1.67275","0.09124841751882777","0.0004993348078591373"
"06_countertenorB","208.0234375","3.478515625","0.60","0.00","59.80235822571589","4.25013","4.59312","0.005816690716882049","7.10030628071769E-05"
"06_countertenorB","208.0234375","40.228515625","0.60","0.20","5.171044326843715","4.54158","4.68201","0.0008712638460086304","3.563718954548593E-05"
"06_countertenorB","208.0234375","22.791015625","0.60","0.40","9.127431656525838","3.28503","4.18952","0.0016664584817616833","6.66315579072302E-05"
"06_countertenorB","208.0234375","16.978515625","0.60","0.60","12.252156907856897","1.71362","1.61054","0.06343153665281336","0.0003339641445696067"
"06_countertenorB","208.0234375","14.072265625","0.60","0.80","14.782512144344205","1.60855","1.69084","0.09122727025689811","0.00048764138058895887"
"06_countertenorB","208.0234375","14.072265625","0.60","1.00","14.782512144344205","1.60855","1.69084","0.09122727025689811","0.00048764138058895887"
"06_countertenorB","208.0234375","3.806640625","0.80","0.00","54.647511544381736","4.25107","4.58969","0.0058194060666117995","7.135124270136877E-05"
"06_countertenorB","208.0234375","64.384765625","0.80","0.20","3.230941908084332","4.67214","4.68766","0.00088408933987458","3.388459107477925E-05"
"06_countertenorB","208.0234375","33.416015625","0.80","0.40","6.225261558244199","3.46922","4.16073","0.0020734074259063455","7.198197039594794E-05"
"06_countertenorB","208.0234375","21.802734375","0.80","0.60","9.541162769864732","1.71286","1.61201","0.06344408899544543","0.0003350683013252951"
"06_countertenorB","208.0234375","17.931640625","0.80","0.80","11.600914933013833","1.6072","1.68997","0.09124544074019598","0.0004924906549732768"
"06_countertenorB","208.0234375","17.931640625","0.80","1.00","11.600914933013833","1.6072","1.68997","0.09124544074019598","0.0004924906549732768"
"06_countertenorB","208.0234375","4.134765625","1.00","0.00","50.31081719414266","4.25088","4.58724","0.005788797412375199","7.160788955412286E-05"
"06_countertenorB","208.0234375","94.330078125","1.00","0.20","2.205271548957492","4.1105","4.68789","0.02004574916571967","0.0007156138016999421"
"06_countertenorB","208.0234375","45.970703125","1.00","0.40","4.525130645366869","2.88368","4.35805","0.019136258098914873","0.0006895247641024488"
"06_countertenorB","208.0234375","31.462890625","1.00","0.60","6.61170774101434","1.8293","2.03875","0.06310862677757251","0.000806774940803677"
"06_countertenorB","208.0234375","21.791015625","1.00","0.80","9.546293806578829","1.60929","1.69696","0.10680295458839964","0.0008419339046362713"
"06_countertenorB","208.0234375","21.791015625","1.00","1.00","9.546293806578829","1.60929","1.69696","0.10680295458839964","0.0008419339046362713"
"07_bass","226.0390625","2.515625","0.20","0.00","89.85403726708074","4.47885","4.04871","0.009848534986611139","8.498304103826928E-05"
"07_bass","226.0390625","6.828125","0.20","0.20","33.10411899313501","1.97611","2.85477","0.010613775934814822","0.00010037404672459962"
"07_bass","226.0390625","5.390625","0.20","0.40","41.93188405797101","1.63941","2.47014","0.013242271204421674","0.00012561597747667342"
"07_bass","226.0390625","4.671875","0.20","0.60","48.38294314381271","1.81801","2.96961","0.025494010726581723","0.00011880533725975975"
"07_bass","226.0390625","4.671875","0.20","0.80","48.38294314381271","1.81801","2.96961","0.025494010726581723","0.00011880533725975975"
"07_bass","226.0390625","4.671875","0.20","1.00","48.38294314381271","1.81801","2.96961","0.025494010726581723","0.00011880533725975975"
"07_bass","226.0390625","3.1875","0.40","0.00","70.91421568627452","4.4793","4.11303","0.00985700554913726","8.518275605751679E-05"
"07_bass","226.0390625","16.015625","0.40","0.20","14.113658536585366","2.22637","2.45652","0.007388457606769635","0.00010833330822717049"
"07_bass","226.0390625","10.328125","0.40","0.40","21.885779122541603","1.79744","2.90398","0.009811298536371145","9.755790426213524E-05"
"07_bass","226.0390625","7.484375","0.40","0.60","30.201461377870565","1.81842","2.9734","0.02532563899143355","0.00011959577744901511"
"07_bass","226.0390625","7.484375","0.40","0.80","30.201461377870565","1.81842","2.9734","0.02532563899143355","0.00011959577744901511"
"07_bass","226.0390625","7.484375","0.40","1.00","30.201461377870565","1.81842","2.9734","0.02532563899143355","0.00011959577744901511"
"07_bass","226.0390625","3.859375","0.60","0.00","58.568825910931174","4.48006","4.13285","0.009852171811822942","8.501902290214532E-05"
"07_bass","226.0390625","29.421875","0.60","0.20","7.682687201274562","2.07313","2.42505","0.0075156987538789344","0.00010547355782700137"
"07_bass","226.0390625","16.671875","0.60","0.40","13.558106841611997","1.9723","2.85099","0.010665944678636394","0.00010233847633004664"
"07_bass","226.0390625","12.421875","0.60","0.60","18.19685534591195","1.63825","2.46102","0.0133027432758508","0.00012738455099126325"
"07_bass","226.0390625","10.296875","0.60","0.80","21.952200303490137","1.81502","2.96461","0.025350993526002546","0.00012062863836841897"
"07_bass","226.0390625","10.296875","0.60","1.00","21.952200303490137","1.81502","2.96461","0.025350993526002546","0.00012062863836841897"
"07_bass","226.0390625","4.53125","0.80","0.00","49.88448275862069","4.48058","4.06084","0.009861017683913032","8.654744239463767E-05"
"07_bass","226.0390625","47.046875","0.80","0.20","4.804549983394221","3.78391","3.94511","0.002743338910362492","7.17729150196342E-05"
"07_bass","226.0390625","24.421875","0.80","0.40","9.255598208573257","1.75006","2.80882","0.009146382904926777","0.00010043528956046665"
"07_bass","226.0390625","15.9375","0.80","0.60","14.182843137254903","1.63729","2.45506","0.013269450495526882","0.00012810100661743968"
"07_bass","226.0390625","13.109375","0.80","0.80","17.242550655542313","1.81318","2.94861","0.025314550832653673","0.00012145909700608045"
"07_bass","226.0390625","13.109375","0.80","1.00","17.242550655542313","1.81318","2.94861","0.025314550832653673","0.00012145909700608045"
"07_bass","226.0390625","5.203125","1.00","0.00","43.44294294294294","4.47804","2.21626","0.009372471327156278","0.00011246393731603577"
"07_bass","226.0390625","68.96484375","1.00","0.20","3.277598414047012","3.26695","3.90579","0.03418258305771274","0.0004849764732228667"
"07_bass","226.0390625","33.61328125","1.00","0.40","6.724694944799535","2.06711","2.55379","0.03752946369807123","0.00046318169723369586"
"07_bass","226.0390625","23.0078125","1.00","0.60","9.824448217317487","1.78447","2.86951","0.038817319324267525","0.0004581325590022085"
"07_bass","226.0390625","15.9375","1.00","0.80","14.182843137254903","1.78379","2.96992","0.047243214979949974","0.0004443751274793403"
"07_bass","226.0390625","15.9375","1.00","1.00","14.182843137254903","1.78379","2.96992","0.047243214979949974","0.0004443751274793403"
"08_male","104.61328125","1.908203125","0.20","0.00","54.82292732855681","2.9972","3.90826","0.017551229351535778","0.00016123014216623156"
"08_male","104.61328125","1.189453125","0.20","0.20","87.95073891625616","1.90412","2.83434","0.016412429593533104","0.00020060370152231668"
"08_male","104.61328125","0.939453125","0.20","0.40","111.35550935550935","1.59194","2.40594","0.020335087892552454","0.00031312900777562166"
"08_male","104.61328125","0.814453125","0.20","0.60","128.44604316546761","1.57686","2.11056","0.03160598601449125","0.00032337711743543845"
"08_male","104.61328125","0.814453125","0.20","0.80","128.44604316546761","1.57686","2.11056","0.03160598601449125","0.00032337711743543845"
"08_male","104.61328125","0.814453125","0.20","1.00","128.44604316546761","1.57686","2.11056","0.03160598601449125","0.00032337711743543845"
"08_male","104.61328125","3.439453125","0.40","0.00","30.415672913117547","3.01417","3.94701","0.017564815141241634","0.00016122711914537372"
"08_male","104.61328125","2.658203125","0.40","0.20","39.35488611315209","2.30873","3.69694","0.007082406444367555","0.00013298139074136755"
"08_male","104.61328125","1.720703125","0.40","0.40","60.79682179341657","1.96081","3.0034","0.010587193761417838","0.00018357540949735736"
"08_male","104.61328125","1.251953125","0.40","0.60","83.5600624024961","1.59786","2.43943","0.024969448347050543","0.00030586489003552183"
"08_male","104.61328125","1.251953125","0.40","0.80","83.5600624024961","1.59786","2.43943","0.024969448347050543","0.00030586489003552183"
"08_male","104.61328125","1.251953125","0.40","1.00","83.5600624024961","1.59786","2.43943","0.024969448347050543","0.00030586489003552183"
"08_male","104.61328125","4.986328125","0.60","0.00","20.98002350176263","3.0152","3.95568","0.017564765251292424","0.0001611979922245015"
"08_male","104.61328125","4.833984375","0.60","0.20","21.64121212121212","2.68064","3.84802","0.006195069369532032","0.0001268437368106474"
"08_male","104.61328125","2.748046875","0.60","0.40","38.0682302771855","1.93276","2.89574","0.010629985235925595","0.00018591936794815618"
"08_male","104.61328125","2.052734375","0.60","0.60","50.962892483349194","1.5944","2.43358","0.01610278531847097","0.00029268629822799466"
"08_male","104.61328125","1.705078125","0.60","0.80","61.35395189003437","1.60343","2.41461","0.024366404598693037","0.0003038262163703985"
"08_male","104.61328125","1.705078125","0.60","1.00","61.35395189003437","1.60343","2.41461","0.024366404598693037","0.0003038262163703985"
"08_male","104.61328125","6.517578125","0.80","0.00","16.050943961642194","3.01485","3.95053","0.017529999900383213","0.00016111306420039405"
"08_male","104.61328125","7.626953125","0.80","0.20","13.716261203585148","2.67824","3.84945","0.017512369528960892","0.0002025842562635295"
"08_male","104.61328125","3.970703125","0.80","0.40","26.34628627643876","2.25681","3.85363","0.018127791979462512","0.00023436223580351403"
"08_male","104.61328125","2.599609375","0.80","0.60","40.24192336589031","1.5949","2.44307","0.015981952300103786","0.0002443690334813396"
"08_male","104.61328125","2.142578125","0.80","0.80","48.82588878760255","1.60455","2.42468","0.01785687401038929","0.0002720545879798756"
"08_male","104.61328125","2.142578125","0.80","1.00","48.82588878760255","1.60455","2.42468","0.01785687401038929","0.0002720545879798756"
"08_male","104.61328125","8.064453125","1.00","0.00","12.972148219907968","3.0135","3.84506","0.017462876181092938","0.0001627869033582233"
"08_male","104.61328125","11.150390625","1.00","0.20","9.38202837624803","2.69437","3.80232","0.020898754766259207","0.00029693884630905697"
"08_male","104.61328125","5.447265625","1.00","0.40","19.204732879168162","2.24564","3.78149","0.020045324924854935","0.0001707363743715203"
"08_male","104.61328125","3.736328125","1.00","0.60","27.998954521693676","1.96928","3.01942","0.01792513524954181","0.0002075422733621347"
"08_male","104.61328125","3.166015625","1.00","0.80","33.042566317088216","1.59643","2.45729","0.023633676828311946","0.0002543502639217118"
"08_male","104.61328125","2.595703125","1.00","1.00","40.30248306997743","1.60419","2.41596","0.02739695452794606","0.0002654823440860624"
"09_cello","298.396484375","2.146484375","0.20","0.00","139.01637852593268","2.79965","4.31839","0.02513489243391425","0.00010510972060694307"
"09_cello","298.396484375","3.525390625","0.20","0.20","84.6421052631579","2.43661","3.1141","0.01468169253866486","0.00010613952247894465"
"09_cello","298.396484375","2.783203125","0.20","0.40","107.21333333333334","1.85916","2.32788","0.03817464275968364","0.0001929713799590828"
"09_cello","298.396484375","2.412109375","0.20","0.60","123.70769230769231","1.83937","2.35199","0.03724896619598424","0.0001916745340157872"
"09_cello","298.396484375","2.412109375","0.20","0.80","123.70769230769231","1.83937","2.35199","0.03724896619598424","0.0001916745340157872"
"09_cello","298.396484375","2.412109375","0.20","1.00","123.70769230769231","1.83937","2.35199","0.03724896619598424","0.0001916745340157872"
"09_cello","298.396484375","3.302734375","0.40","0.00","90.34831460674157","2.81945","4.31358","0.02515534535017778","0.00010495925673780836"
"09_cello","298.396484375","8.193359375","0.40","0.20","36.41930870083433","2.53302","2.86678","0.013637259091239466","0.00012441655081605685"
"09_cello","298.396484375","5.287109375","0.40","0.40","56.43849279645364","1.97631","2.93887","0.025736514991596824","0.00013638839040412955"
"09_cello","298.396484375","3.833984375","0.40","0.60","77.82934284258788","1.84296","2.35409","0.03731332465522969","0.0001941890951385676"
"09_cello","298.396484375","3.833984375","0.40","0.80","77.82934284258788","1.84296","2.35409","0.03731332465522969","0.0001941890951385676"
"09_cello","298.396484375","3.833984375","0.40","1.00","77.82934284258788","1.84296","2.35409","0.03731332465522969","0.0001941890951385676"
"09_cello","298.396484375","4.474609375","0.60","0.00","66.68659973810563","2.81935","4.22615","0.02504687999899667","0.0001051696377436598"
"09_cello","298.396484375","14.994140625","0.60","0.20","19.900872736746123","2.55583","3.54208","0.005032889213080413","8.793272397711877E-05"
"09_cello","298.396484375","8.501953125","0.60","0.40","35.09740408913393","2.44201","3.14483","0.01501604093200529","0.00011230620080078186"
"09_cello","298.396484375","6.337890625","0.60","0.60","47.08135593220339","1.85978","2.36566","0.03801143065060242","0.00019817282262080927"
"09_cello","298.396484375","5.255859375","0.60","0.80","56.77406168710517","1.84363","2.34623","0.03759199094260729","0.00019592768646845075"
"09_cello","298.396484375","5.255859375","0.60","1.00","56.77406168710517","1.84363","2.34623","0.03759199094260729","0.00019592768646845075"
"09_cello","298.396484375","5.630859375","0.80","0.00","52.99306278182449","2.81948","4.31416","0.02516050607973165","0.00010496228813795164"
"09_cello","298.396484375","23.927734375","0.80","0.20","12.470737082687128","3.09997","4.00449","0.004125100831062933","8.292219244338413E-05"
"09_cello","298.396484375","12.427734375","0.80","0.40","24.010529624391012","2.47094","3.17395","0.013807623718743299","0.00011960048579482716"
"09_cello","298.396484375","8.115234375","0.80","0.60","36.76991576413959","1.85569","2.36132","0.02981311473567965","0.00018495999631594625"
"09_cello","298.396484375","6.677734375","0.80","0.80","44.68528809593448","1.84408","2.34634","0.024646105284330116","0.0001669029318164528"
"09_cello","298.396484375","6.677734375","0.80","1.00","44.68528809593448","1.84408","2.34634","0.024646105284330116","0.0001669029318164528"
"09_cello","298.396484375","6.802734375","1.00","0.00","43.864197530864196","2.81945","4.31556","0.025160486855528536","0.00010498596221099419"
"09_cello","298.396484375","35.068359375","1.00","0.20","8.50899470899471","2.7442","4.14346","0.03456325201360209","0.0006920221524759048"
"09_cello","298.396484375","17.099609375","1.00","0.40","17.450485436893203","2.47983","3.04487","0.045478061013605534","0.0006704483244795627"
"09_cello","298.396484375","11.708984375","1.00","0.60","25.48440366972477","1.97577","2.95749","0.045581077191421515","0.0005797913360311017"
"09_cello","298.396484375","8.115234375","1.00","0.80","36.76991576413959","1.84877","2.34955","0.0535183207283205","0.0006209728994387042"
"09_cello","298.396484375","8.115234375","1.00","1.00","36.76991576413959","1.84877","2.34955","0.0535183207283205","0.0006209728994387042"
"10_saxophone","1707.591796875","19.169921875","0.20","0.00","89.0766174223128","4.40326","3.79267","0.06731120809885309","4.159919745245851E-05"
"10_saxophone","1707.591796875","70.994140625","0.20","0.20","24.05257366089851","2.77034","2.4773","0.020334108875004354","4.919224377146701E-05"
"10_saxophone","1707.591796875","56.048828125","0.20","0.40","30.466146287068334","2.51536","2.44635","0.02934331400015185","5.665912992724025E-05"
"10_saxophone","1707.591796875","48.576171875","0.20","0.60","35.1528688030236","2.51349","2.45486","0.03454743802286856","6.296679274077192E-05"
"10_saxophone","1707.591796875","48.576171875","0.20","0.80","35.1528688030236","2.51349","2.45486","0.03454743802286856","6.296679274077192E-05"
"10_saxophone","1707.591796875","48.576171875","0.20","1.00","35.1528688030236","2.51349","2.45486","0.03454743802286856","6.296679274077192E-05"
"10_saxophone","1707.591796875","19.591796875","0.40","0.00","87.15850862326786","4.51089","4.42409","0.06826144109597591","4.271366665804632E-05"
"10_saxophone","1707.591796875","168.021484375","0.40","0.20","10.16293721738524","3.25973","3.58353","0.005054727747697585","1.988866581927724E-05"
"10_saxophone","1707.591796875","108.287109375","0.40","0.40","15.769114225420703","2.36733","2.44281","0.022223376062178293","6.216404821936684E-05"
"10_saxophone","1707.591796875","78.419921875","0.40","0.60","21.774974471370577","2.51028","2.45244","0.024695367317243783","4.992856653417746E-05"
"10_saxophone","1707.591796875","78.419921875","0.40","0.80","21.774974471370577","2.51028","2.45244","0.024695367317243783","4.992856653417746E-05"
"10_saxophone","1707.591796875","78.419921875","0.40","1.00","21.774974471370577","2.51028","2.45244","0.024695367317243783","4.992856653417746E-05"
"10_saxophone","1707.591796875","20.029296875","0.60","0.00","85.25470502194052","4.51136","4.46563","0.0682417121294221","4.278832170626604E-05"
"10_saxophone","1707.591796875","309.763671875","0.60","0.20","5.512563130915075","3.27732","3.53684","0.0018822677144630143","1.701936916361155E-05"
"10_saxophone","1707.591796875","175.419921875","0.60","0.40","9.734309413795023","2.77051","2.47725","0.02003154548102876","4.961590435675607E-05"
"10_saxophone","1707.591796875","130.638671875","0.60","0.60","13.07110499798167","2.51143","2.44869","0.024338711158866724","4.978372928773484E-05"
"10_saxophone","1707.591796875","108.248046875","0.60","0.80","15.774804683975967","2.50989","2.45577","0.024926574494168834","5.054070415850607E-05"
"10_saxophone","1707.591796875","108.248046875","0.60","1.00","15.774804683975967","2.50989","2.45577","0.024926574494168834","5.054070415850607E-05"
"10_saxophone","1707.591796875","20.451171875","0.80","0.00","83.49603667271512","4.51684","4.47616","0.06818338268436044","4.385377264834069E-05"
"10_saxophone","1707.591796875","496.310546875","0.80","0.20","3.440571246423807","3.55666","3.98038","0.0005260722529991759","1.41033442917726E-05"
"10_saxophone","1707.591796875","257.498046875","0.80","0.40","6.631474753297582","3.17943","2.81686","0.010660362027807069","3.285845212668658E-05"
"10_saxophone","1707.591796875","167.943359375","0.80","0.60","10.167664879574819","2.50697","2.45215","0.023528817641688855","4.856237595686366E-05"
"10_saxophone","1707.591796875","138.091796875","0.80","0.80","12.365628049729148","2.50471","2.45691","0.024275200287478673","4.968818425256194E-05"
"10_saxophone","1707.591796875","138.091796875","0.80","1.00","12.365628049729148","2.50471","2.45691","0.024275200287478673","4.968818425256194E-05"
"10_saxophone","1707.591796875","20.888671875","1.00","0.00","81.74726507713885","4.52104","4.31567","0.06836435684441804","4.448069223648043E-05"
"10_saxophone","1707.591796875","727.623046875","1.00","0.20","2.346808287902336","3.88393","3.6928","0.0009937448544948921","4.390183977308135E-05"
"10_saxophone","1707.591796875","354.498046875","1.00","0.40","4.816928645807507","2.55065","2.74649","0.0055265052695011654","4.74668146599041E-05"
"10_saxophone","1707.591796875","242.560546875","1.00","0.60","7.0398579607217915","2.36453","2.44836","0.018398339781379586","5.722866500071347E-05"
"10_saxophone","1707.591796875","167.935546875","1.00","0.80","10.168137887721992","2.50514","2.46067","0.01938430314565786","5.26113110782681E-05"
"10_saxophone","1707.591796875","167.935546875","1.00","1.00","10.168137887721992","2.50514","2.46067","0.01938430314565786","5.26113110782681E-05"
"11_bassoon","121.359375","2.34765625","0.20","0.00","51.693843594009984","4.76579","4.1092","0.005168532614635044","0.00012548867717127653"
"11_bassoon","121.359375","1.19140625","0.20","0.20","101.86229508196722","1.66919","1.97467","0.12217580532871529","0.0005366118733816185"
"11_bassoon","121.359375","0.94140625","0.20","0.40","128.91286307053943","1","2.14386","0.10251217199905809","0.00042020226080752114"
"11_bassoon","121.359375","0.81640625","0.20","0.60","148.65071770334927","1","2.14392","0.10542028371223226","0.0004501560973525693"
"11_bassoon","121.359375","0.81640625","0.20","0.80","148.65071770334927","1","2.14392","0.10542028371223226","0.0004501560973525693"
"11_bassoon","121.359375","0.81640625","0.20","1.00","148.65071770334927","1","2.14392","0.10542028371223226","0.0004501560973525693"
"11_bassoon","121.359375","4.31640625","0.40","0.00","28.115837104072398","4.76832","4.36026","0.005191032341899928","0.0001251812635721588"
"11_bassoon","121.359375","2.69921875","0.40","0.20","44.96092619392185","1.8131","2.49279","0.05363380205398203","0.00020424635023135804"
"11_bassoon","121.359375","1.74609375","0.40","0.40","69.50335570469798","1.46651","2.00842","0.09838537437624122","0.00044544451376978006"
"11_bassoon","121.359375","1.26953125","0.40","0.60","95.59384615384616","1","1.94081","0.10460436170475307","0.00044438308389466435"
"11_bassoon","121.359375","1.26953125","0.40","0.80","95.59384615384616","1","1.94081","0.10460436170475307","0.00044438308389466435"
"11_bassoon","121.359375","1.26953125","0.40","1.00","95.59384615384616","1","1.94081","0.10460436170475307","0.00044438308389466435"
"11_bassoon","121.359375","6.28515625","0.60","0.00","19.3088875077688","4.76811","4.39086","0.005180935203524373","0.00012510152812955733"
"11_bassoon","121.359375","4.8359375","0.60","0.20","25.095315024232633","1.88848","3.35617","0.01447859418695916","0.0001426934274231308"
"11_bassoon","121.359375","2.75","0.60","0.40","44.13068181818182","1.66861","2.19423","0.12152704036084437","0.0005408451755416014"
"11_bassoon","121.359375","2.0546875","0.60","0.60","59.06463878326996","1","1.94668","0.10305703268374881","0.00042816009450691024"
"11_bassoon","121.359375","1.70703125","0.60","0.80","71.09382151029749","1","1.95683","0.10473359049931094","0.00044587333144100475"
"11_bassoon","121.359375","1.70703125","0.60","1.00","71.09382151029749","1","1.95683","0.10473359049931094","0.00044587333144100475"
"11_bassoon","121.359375","8.25390625","0.80","0.00","14.70326549929011","4.7681","4.39362","0.005164935100693313","0.00012502616589285659"
"11_bassoon","121.359375","7.69140625","0.80","0.20","15.77856780091417","2.36377","3.77025","0.010449422100093092","0.0001341175792768331"
"11_bassoon","121.359375","4.00390625","0.80","0.40","30.310243902439023","1.79978","2.75847","0.0646521601012647","0.00020207988416206797"
"11_bassoon","121.359375","2.62109375","0.80","0.60","46.30104321907601","1","1.95795","0.10301025103186937","0.0004279510181653372"
"11_bassoon","121.359375","2.16015625","0.80","0.80","56.180831826401445","1","1.9624","0.10467913561097315","0.0004456812611162251"
"11_bassoon","121.359375","2.16015625","0.80","1.00","56.180831826401445","1","1.9624","0.10467913561097315","0.0004456812611162251"
"11_bassoon","121.359375","10.22265625","1.00","0.00","11.871608712265953","4.76772","3.80462","0.004991243939384561","0.00013030127144812278"
"11_bassoon","121.359375","11.2265625","1.00","0.20","10.810020876826723","3.3062","4.07974","0.013068298478735944","0.0004462386519560394"
"11_bassoon","121.359375","5.484375","1.00","0.40","22.128205128205128","1.99775","2.57724","0.04526949594448932","0.0003452039541628784"
"11_bassoon","121.359375","3.76171875","1.00","0.60","32.26168224299065","1.47191","2.00067","0.09923697199527616","0.0003980439056231865"
"11_bassoon","121.359375","2.61328125","1.00","0.80","46.43946188340807","1.45923","1.96404","0.10107356000475286","0.00036102300646528954"
"11_bassoon","121.359375","2.61328125","1.00","1.00","46.43946188340807","1.45923","1.96404","0.10107356000475286","0.00036102300646528954"
"12_doublebass","119.634765625","4.947265625","0.20","0.00","24.181997631267272","4.59718","4.6636","0.015021717067992305","9.717309817459364E-05"
"12_doublebass","119.634765625","0.376953125","0.20","0.20","317.3730569948186","2.05543","3.99247","0.06701839808006647","0.0003134555599825852"
"12_doublebass","119.634765625","0.298828125","0.20","0.40","400.34640522875816","1.81614","3.27365","0.09290341556095175","0.0005931964536746112"
"12_doublebass","119.634765625","0.259765625","0.20","0.60","460.54887218045116","1.96023","3.77376","0.10339425106332427","0.0005657262025052989"
"12_doublebass","119.634765625","0.259765625","0.20","0.80","460.54887218045116","1.96023","3.77376","0.10339425106332427","0.0005657262025052989"
"12_doublebass","119.634765625","0.259765625","0.20","1.00","460.54887218045116","1.96023","3.77376","0.10339425106332427","0.0005657262025052989"
"12_doublebass","119.634765625","9.744140625","0.40","0.00","12.277610743636","4.58121","4.66947","0.015020826761699923","9.706703486139896E-05"
"12_doublebass","119.634765625","0.767578125","0.40","0.20","155.86005089058523","3.0882","4.49503","0.012495190286582972","0.0001394348058835478"
"12_doublebass","119.634765625","0.501953125","0.40","0.40","238.3385214007782","2.19137","3.96163","0.07425998039833935","0.00035243238847699457"
"12_doublebass","119.634765625","0.369140625","0.40","0.60","324.0899470899471","1.96439","3.78386","0.10346347427554542","0.0005533543892828221"
"12_doublebass","119.634765625","0.369140625","0.40","0.80","324.0899470899471","1.96439","3.78386","0.10346347427554542","0.0005533543892828221"
"12_doublebass","119.634765625","0.369140625","0.40","1.00","324.0899470899471","1.96439","3.78386","0.10346347427554542","0.0005533543892828221"
"12_doublebass","119.634765625","14.541015625","0.60","0.00","8.22740094022834","4.58143","4.6736","0.015020736864230364","9.725840545529054E-05"
"12_doublebass","119.634765625","1.322265625","0.60","0.20","90.47710487444608","3.19842","4.57983","0.012993812818300863","0.00012229738673731537"
"12_doublebass","119.634765625","0.759765625","0.60","0.40","157.46272493573264","2.04013","4.00114","0.06152019075548707","0.00029005338077020705"
"12_doublebass","119.634765625","0.572265625","0.60","0.60","209.05460750853243","1.78788","3.23286","0.09294766176766889","0.0005977729218490763"
"12_doublebass","119.634765625","0.478515625","0.60","0.80","250.0122448979592","1.96355","3.7811","0.1033934559619245","0.0005657161943315007"
"12_doublebass","119.634765625","0.478515625","0.60","1.00","250.0122448979592","1.96355","3.7811","0.1033934559619245","0.0005657161943315007"
"12_doublebass","119.634765625","19.337890625","0.80","0.00","6.1865468134531865","4.58169","4.67151","0.015020783457513537","9.702234658947524E-05"
"12_doublebass","119.634765625","2.041015625","0.80","0.20","58.61531100478469","3.20277","4.62364","0.013311654750231654","0.00011252078574408372"
"12_doublebass","119.634765625","1.072265625","0.80","0.40","111.57194899817851","3.04645","4.49518","0.03139250663291328","0.00015858415372664288"
"12_doublebass","119.634765625","0.708984375","0.80","0.60","168.7410468319559","1.79931","3.29277","0.09311369253805715","0.0006023667238788403"
"12_doublebass","119.634765625","0.587890625","0.80","0.80","203.4983388704319","1.96388","3.78044","0.10355346247606313","0.0005674713764176215"
"12_doublebass","119.634765625","0.587890625","0.80","1.00","203.4983388704319","1.96388","3.78044","0.10355346247606313","0.0005674713764176215"
"12_doublebass","119.634765625","24.134765625","1.00","0.00","4.956947479161609","4.58165","4.67183","0.015021120834288311","9.702296674823354E-05"
"12_doublebass","119.634765625","2.923828125","1.00","0.20","40.91716766867067","3.5784","4.63062","0.04472639133871361","0.0011462249986958235"
"12_doublebass","119.634765625","1.439453125","1.00","0.40","83.1112618724559","2.88431","4.46208","0.04994503376280412","0.0010377686848091236"
"12_doublebass","119.634765625","0.994140625","1.00","0.60","120.33988212180746","2.20851","3.97769","0.10281091011224532","0.0011023020062872293"
"12_doublebass","119.634765625","0.697265625","1.00","0.80","171.57703081232492","2.02117","3.84587","0.1369692156228536","0.001188332316231484"
"12_doublebass","119.634765625","0.697265625","1.00","1.00","171.57703081232492","2.02117","3.84587","0.1369692156228536","0.001188332316231484"
"13_frenchhorn","750.509765625","6.953125","0.20","0.00","107.93848314606741","3.69513","4.47748","0.011189131733599499","7.341183566186549E-05"
"13_frenchhorn","750.509765625","16.8515625","0.20","0.20","44.5365090403338","2.57912","2.93591","0.08406493413559137","9.746654046827031E-05"
"13_frenchhorn","750.509765625","13.3046875","0.20","0.40","56.409424544920725","2.50351","1.85906","0.07642325176810283","0.00018612184134241599"
"13_frenchhorn","750.509765625","11.53125","0.20","0.60","65.08485772357723","2.13839","1.75187","0.09647252694217298","0.0002786218010806077"
"13_frenchhorn","750.509765625","11.53125","0.20","0.80","65.08485772357723","2.13839","1.75187","0.09647252694217298","0.0002786218010806077"
"13_frenchhorn","750.509765625","11.53125","0.20","1.00","65.08485772357723","2.13839","1.75187","0.09647252694217298","0.0002786218010806077"
"13_frenchhorn","750.509765625","9.421875","0.40","0.00","79.65609452736318","2.74636","4.19248","0.009801575756122134","9.814762210797641E-05"
"13_frenchhorn","750.509765625","39.7890625","0.40","0.20","18.862212841154527","2.7488","2.5229","0.020378856702119464","0.00010683228072988271"
"13_frenchhorn","750.509765625","25.6484375","0.40","0.40","29.26142247943954","2.64716","2.31392","0.07836872843199132","0.00012156217323007315"
"13_frenchhorn","750.509765625","18.578125","0.40","0.60","40.39749789739277","2.13773","1.75648","0.09616157083197213","0.0002759676064449794"
"13_frenchhorn","750.509765625","18.578125","0.40","0.80","40.39749789739277","2.13773","1.75648","0.09616157083197213","0.0002759676064449794"
"13_frenchhorn","750.509765625","18.578125","0.40","1.00","40.39749789739277","2.13773","1.75648","0.09616157083197213","0.0002759676064449794"
"13_frenchhorn","750.509765625","11.890625","0.60","0.00","63.11777266754271","3.49323","4.18679","0.008116264101435561","9.979227892913846E-05"
"13_frenchhorn","750.509765625","73.24609375","0.60","0.20","10.24641352461202","3.27707","4.23837","0.005041894166546721","7.051611039657159E-05"
"13_frenchhorn","750.509765625","41.48828125","0.60","0.40","18.08968082101497","2.58937","2.95835","0.05558565663393446","7.477281665170016E-05"
"13_frenchhorn","750.509765625","30.90234375","0.60","0.60","24.286499810390595","2.50803","1.86566","0.0764220297185157","0.00018352230214764854"
"13_frenchhorn","750.509765625","25.609375","0.60","0.80","29.306055521659548","2.13841","1.74669","0.09620958762944723","0.0002765295791928802"
"13_frenchhorn","750.509765625","25.609375","0.60","1.00","29.306055521659548","2.13841","1.74669","0.09620958762944723","0.0002765295791928802"
"13_frenchhorn","750.509765625","14.359375","0.80","0.00","52.266186071817195","3.52792","2.88557","0.006434907448304377","0.00010024279412558373"
"13_frenchhorn","750.509765625","117.3125","0.80","0.20","6.397525972296218","3.53171","4.09431","0.0046425228120049915","6.220849536996526E-05"
"13_frenchhorn","750.509765625","60.875","0.80","0.40","12.32870251540041","2.22654","1.99624","0.0320345130034518","0.00011309876462264666"
"13_frenchhorn","750.509765625","39.7109375","0.80","0.60","18.899321266968325","2.50842","1.87219","0.0764648951220811","0.00018328007131008272"
"13_frenchhorn","750.509765625","32.65625","0.80","0.80","22.982117224880383","2.13771","1.76617","0.09568021443385806","0.0002722833436347786"
"13_frenchhorn","750.509765625","32.65625","0.80","1.00","22.982117224880383","2.13771","1.76617","0.09568021443385806","0.0002722833436347786"
"13_frenchhorn","750.509765625","16.828125","1.00","0.00","44.59853760445682","3.488","3.13575","0.007187068679995753","9.685423311942485E-05"
"13_frenchhorn","750.509765625","171.94921875","1.00","0.20","4.364717508348668","3.49148","4.26556","0.007339093686914826","0.0001679415532847135"
"13_frenchhorn","750.509765625","83.78515625","1.00","0.40","8.957550468553313","2.25331","2.07647","0.020567297768383484","0.00020330638290124442"
"13_frenchhorn","750.509765625","57.3359375","1.00","0.60","13.08969205613844","2.64373","2.30697","0.06869931085779804","0.00020663655633906553"
"13_frenchhorn","750.509765625","39.703125","1.00","0.80","18.903040141676506","2.1431","1.76833","0.09609530677965682","0.0002627325526726647"
"13_frenchhorn","750.509765625","39.703125","1.00","1.00","18.903040141676506","2.1431","1.76833","0.09609530677965682","0.0002627325526726647"
"14_piano","407.396484375","5.216796875","0.20","0.00","78.09322351179334","1.93348","2.84","0.013454397520858207","3.321924866781594E-05"
"14_piano","407.396484375","18.447265625","0.20","0.20","22.08438327157226","2.22317","2.44808","0.00013573918459291881","1.476441856844406E-05"
"14_piano","407.396484375","14.564453125","0.20","0.40","27.971972643154082","1.8818","1.97861","0.00031026052321881986","2.21631951054258E-05"
"14_piano","407.396484375","12.623046875","0.20","0.60","32.27402135231317","1.72341","1.97072","0.0004232153481940029","2.595416252523437E-05"
"14_piano","407.396484375","12.623046875","0.20","0.80","32.27402135231317","1.72341","1.97072","0.0004232153481940029","2.595416252523437E-05"
"14_piano","407.396484375","12.623046875","0.20","1.00","32.27402135231317","1.72341","1.97072","0.0004232153481940029","2.595416252523437E-05"
"14_piano","407.396484375","5.513671875","0.40","0.00","73.88841657810839","1.93282","2.84024","0.013443518271716807","3.3210965233022E-05"
"14_piano","407.396484375","43.568359375","0.40","0.20","9.350741919576814","3.31641","3.68967","7.46752876240058E-05","1.218629431756884E-05"
"14_piano","407.396484375","28.083984375","0.40","0.40","14.506363446693094","2.03025","2.29021","0.00019009485226780426","1.635789175601319E-05"
"14_piano","407.396484375","20.341796875","0.40","0.60","20.027556409025443","1.7236","1.96875","0.0004318204181353881","2.67212278496398E-05"
"14_piano","407.396484375","20.341796875","0.40","0.80","20.027556409025443","1.7236","1.96875","0.0004318204181353881","2.67212278496398E-05"
"14_piano","407.396484375","20.341796875","0.40","1.00","20.027556409025443","1.7236","1.96875","0.0004318204181353881","2.67212278496398E-05"
"14_piano","407.396484375","5.810546875","0.60","0.00","70.11327731092437","1.93286","2.52301","0.013427279689444004","3.32362422298739E-05"
"14_piano","407.396484375","80.216796875","0.60","0.20","5.07869299505734","4.44603","3.85093","6.589513301374733E-05","1.179292159128193E-05"
"14_piano","407.396484375","45.435546875","0.60","0.40","8.966470360658557","2.24093","2.46988","0.00013912469469921985","1.588988292400008E-05"
"14_piano","407.396484375","33.841796875","0.60","0.60","12.038263981070006","1.8749","2.01931","0.0003244796304125364","2.29704876437676E-05"
"14_piano","407.396484375","28.044921875","0.60","0.80","14.526568702555888","1.7196","1.95172","0.00042709064993938457","2.659961606997296E-05"
"14_piano","407.396484375","28.044921875","0.60","1.00","14.526568702555888","1.7196","1.95172","0.00042709064993938457","2.659961606997296E-05"
"14_piano","407.396484375","6.107421875","0.80","0.00","66.70514870482891","1.93284","2.84472","0.013443529163819343","3.321289557159873E-05"
"14_piano","407.396484375","128.482421875","0.80","0.20","3.1708344101059542","4.4259","3.81494","7.253155515049673E-05","1.219240586585853E-05"
"14_piano","407.396484375","66.669921875","0.80","0.40","6.110648894096968","2.7246","3.34496","0.00012302898853125765","1.464238064572147E-05"
"14_piano","407.396484375","43.490234375","0.80","0.60","9.367539408092693","1.87581","2.02439","0.00032896837855092055","2.337399598457575E-05"
"14_piano","407.396484375","35.763671875","0.80","0.80","11.391349462071979","1.71846","1.95599","0.00043129921819289925","2.687837128983712E-05"
"14_piano","407.396484375","35.763671875","0.80","1.00","11.391349462071979","1.71846","1.95599","0.00043129921819289925","2.687837128983712E-05"
"14_piano","407.396484375","6.404296875","1.00","0.00","63.61299176578225","1.93312","2.83629","0.013438104393400258","3.321651818159269E-05"
"14_piano","407.396484375","188.326171875","1.00","0.20","2.1632494321894153","3.56069","3.1168","0.010273418303976727","0.00019708820124597767"
"14_piano","407.396484375","91.763671875","1.00","0.40","4.439627099163527","2.73709","2.89507","0.01016443966839732","0.0001985376920889085"
"14_piano","407.396484375","62.794921875","1.00","0.60","6.487729775123635","1.88878","2.20548","0.010114496083745197","0.00019193413685175703"
"14_piano","407.396484375","43.482421875","1.00","0.80","9.369222476755155","1.69036","1.80397","0.010197278340889513","0.00018974711771819572"
"14_piano","407.396484375","43.482421875","1.00","1.00","9.369222476755155","1.69036","1.80397","0.010197278340889513","0.00018974711771819572"
"15_trumpet","6081.70703125","31.341796875","0.20","0.00","194.04461893188758","2.93236","4.20858","0.021244046004212598","1.421713820064548E-05"
"15_trumpet","6081.70703125","116.189453125","0.20","0.20","52.34302139891408","2.36865","3.33527","0.011266791943469122","2.638762126395859E-05"
"15_trumpet","6081.70703125","91.728515625","0.20","0.40","66.3011604386245","1.73035","2.11015","0.053630842634822394","6.06078110627745E-05"
"15_trumpet","6081.70703125","79.498046875","0.20","0.60","76.50133896764366","1.64829","2.04972","0.06454253789777745","6.594990573957935E-05"
"15_trumpet","6081.70703125","79.498046875","0.20","0.80","76.50133896764366","1.64829","2.04972","0.06454253789777745","6.594990573957935E-05"
"15_trumpet","6081.70703125","79.498046875","0.20","1.00","76.50133896764366","1.64829","2.04972","0.06454253789777745","6.594990573957935E-05"
"15_trumpet","6081.70703125","32.044921875","0.40","0.00","189.78692021698055","2.93236","4.20856","0.021244038348842798","1.421642389580405E-05"
"15_trumpet","6081.70703125","275.029296875","0.40","0.20","22.112942513226574","3.18463","4.28774","0.005158028100497377","1.424050135826497E-05"
"15_trumpet","6081.70703125","177.248046875","0.40","0.40","34.31184229374883","2.01535","2.99597","0.02455918157110609","2.782708673304466E-05"
"15_trumpet","6081.70703125","128.357421875","0.40","0.60","47.381031360793685","1.65797","2.08413","0.06478087627554298","6.50364059350267E-05"
"15_trumpet","6081.70703125","128.357421875","0.40","0.80","47.381031360793685","1.65797","2.08413","0.06478087627554298","6.50364059350267E-05"
"15_trumpet","6081.70703125","128.357421875","0.40","1.00","47.381031360793685","1.65797","2.08413","0.06478087627554298","6.50364059350267E-05"
"15_trumpet","6081.70703125","32.748046875","0.60","0.00","185.71205343830144","2.93236","4.20903","0.021265053505348748","1.423791948175726E-05"
"15_trumpet","6081.70703125","507.158203125","0.60","0.20","11.991735505362678","3.86","4.39302","0.0035124762963538517","1.229216789431642E-05"
"15_trumpet","6081.70703125","287.197265625","0.60","0.40","21.176061749804482","2.45405","3.34649","0.00993903261738287","2.618293791098329E-05"
"15_trumpet","6081.70703125","213.876953125","0.60","0.60","28.4355417560842","1.7594","2.12175","0.054036098234794286","6.072475072849286E-05"
"15_trumpet","6081.70703125","177.216796875","0.60","0.80","34.31789276464429","1.65962","2.09013","0.06479446695479767","6.509122898461673E-05"
"15_trumpet","6081.70703125","177.216796875","0.60","1.00","34.31789276464429","1.65962","2.09013","0.06479446695479767","6.509122898461673E-05"
"15_trumpet","6081.70703125","33.451171875","0.80","0.00","181.80848951947218","2.93236","4.20854","0.021244036949757315","1.421731847147613E-05"
"15_trumpet","6081.70703125","812.576171875","0.80","0.20","7.484476214970231","4.13347","4.46657","0.0030785487480639354","1.09919434331136E-05"
"15_trumpet","6081.70703125","421.576171875","0.80","0.40","14.426116647440084","2.54552","3.42507","0.008079926480001172","2.229367153127614E-05"
"15_trumpet","6081.70703125","274.951171875","0.80","0.60","22.11922571479311","1.75972","2.12147","0.054016025670336955","6.00766016224548E-05"
"15_trumpet","6081.70703125","226.076171875","0.80","0.80","26.901141242840236","1.65969","2.08829","0.06480279614356409","6.493018877571456E-05"
"15_trumpet","6081.70703125","226.076171875","0.80","1.00","26.901141242840236","1.65969","2.08829","0.06480279614356409","6.493018877571456E-05"
"15_trumpet","6081.70703125","34.169921875","1.00","0.00","177.9842240640183","2.93231","4.20791","0.021254531723829895","1.423595591115384E-05"
"15_trumpet","6081.70703125","1191.357421875","1.00","0.20","5.104855117012993","4.2994","4.475","0.004381530402513587","2.504841953323564E-05"
"15_trumpet","6081.70703125","580.419921875","1.00","0.40","10.47811558845798","2.74037","3.80151","0.0071170830485867845","2.590891301811067E-05"
"15_trumpet","6081.70703125","397.138671875","1.00","0.60","15.313812181867362","2.05005","3.00571","0.023305547632995926","3.075372239421301E-05"
"15_trumpet","6081.70703125","274.951171875","1.00","0.80","22.11922571479311","1.68298","2.0999","0.06556305082000605","6.11974475137328E-05"
"15_trumpet","6081.70703125","274.951171875","1.00","1.00","22.11922571479311","1.68298","2.0999","0.06556305082000605","6.11974475137328E-05"
"16_crash","140.408203125","2.474609375","0.20","0.00","56.73954222573007","1.55198","3.55876","0.024704075760397615","0.000708811680981886"
"16_crash","140.408203125","7.498046875","0.20","0.20","18.725970304766868","1.5133","2.57852","0.01742226444359845","0.0005626262352475061"
"16_crash","140.408203125","5.919921875","0.20","0.40","23.717914879577698","1.51085","2.4652","0.02012623957723859","0.0005957531256460506"
"16_crash","140.408203125","5.130859375","0.20","0.60","27.365435858393607","1.51738","2.30383","0.020382053288480254","0.0006039635074576203"
"16_crash","140.408203125","5.130859375","0.20","0.80","27.365435858393607","1.51738","2.30383","0.020382053288480254","0.0006039635074576203"
"16_crash","140.408203125","5.130859375","0.20","1.00","27.365435858393607","1.51738","2.30383","0.020382053288480254","0.0006039635074576203"
"16_crash","140.408203125","2.927734375","0.40","0.00","47.95797198132088","1.55114","3.40672","0.02222024172727429","0.0006975919369235258"
"16_crash","140.408203125","17.599609375","0.40","0.20","7.977915880590389","1.5946","3.05736","0.01703958707073071","0.0005657786621432"
"16_crash","140.408203125","11.349609375","0.40","0.40","12.371192565823439","1.48246","2.51112","0.016951184708785285","0.0005591025262969827"
"16_crash","140.408203125","8.224609375","0.40","0.60","17.071716931845167","1.50179","2.4774","0.01707804278130474","0.0005492999162322149"
"16_crash","140.408203125","8.224609375","0.40","0.80","17.071716931845167","1.50179","2.4774","0.01707804278130474","0.0005492999162322149"
"16_crash","140.408203125","8.224609375","0.40","1.00","17.071716931845167","1.50179","2.4774","0.01707804278130474","0.0005492999162322149"
"16_crash","140.408203125","3.380859375","0.60","0.00","41.530329289428074","1.55084","2.82283","0.02059052418776757","0.0007049779941831663"
"16_crash","140.408203125","32.392578125","0.60","0.20","4.3345794392523365","2.06121","3.22163","0.01679060224982522","0.0005797269328565553"
"16_crash","140.408203125","18.353515625","0.60","0.40","7.650207513036075","1.5911","2.52761","0.016846041789878776","0.0005576276739015889"
"16_crash","140.408203125","13.673828125","0.60","0.60","10.268390229967148","1.56456","2.62327","0.017624225958927875","0.0005643872381481484"
"16_crash","140.408203125","11.333984375","0.60","0.80","12.38824745821127","1.54215","2.38395","0.018724764193513013","0.0005825006748467424"
"16_crash","140.408203125","11.333984375","0.60","1.00","12.38824745821127","1.54215","2.38395","0.018724764193513013","0.0005825006748467424"
"16_crash","140.408203125","3.833984375","0.80","0.00","36.622007131940904","1.55862","2.4048","0.022506349924938173","0.0008035147038350922"
"16_crash","140.408203125","51.787109375","0.80","0.20","2.711257778615878","2.77439","3.51065","0.014033308623563272","0.0005342988510930064"
"16_crash","140.408203125","26.880859375","0.80","0.40","5.223352466758701","1.76895","2.71841","0.015349413423046325","0.0005195049868485675"
"16_crash","140.408203125","17.541015625","0.80","0.60","8.004565193185615","1.6559","2.55218","0.015373379317891463","0.0005098368955283236"
"16_crash","140.408203125","14.427734375","0.80","0.80","9.73182618112901","1.61244","2.47665","0.01634114307832789","0.0005242130380086248"
"16_crash","140.408203125","14.427734375","0.80","1.00","9.73182618112901","1.61244","2.47665","0.01634114307832789","0.0005242130380086248"
"16_crash","140.408203125","4.287109375","1.00","0.00","32.75125284738041","1.56846","2.33105","0.023006378547438547","0.0008369690824069703"
"16_crash","140.408203125","75.896484375","1.00","0.20","1.8499961398903728","2.49661","3.50663","0.017136521651625592","0.0007214446460624165"
"16_crash","140.408203125","36.990234375","1.00","0.40","3.7958181530175827","1.77776","2.93367","0.018693035835956898","0.000725343616711614"
"16_crash","140.408203125","25.318359375","1.00","0.60","5.545707012265679","1.62035","2.52178","0.019543868453940173","0.0007508822068992922"
"16_crash","140.408203125","17.537109375","1.00","0.80","8.006348145673238","1.57888","2.39534","0.018883399715608658","0.000728241865856162"
"16_crash","140.408203125","17.537109375","1.00","1.00","8.006348145673238","1.57888","2.39534","0.018883399715608658","0.000728241865856162"
